--Nick DeFranco & Peter Schaldenbrand
--CS 1555 Database Management Project
purge recyclebin;

DROP TABLE Profiles CASCADE CONSTRAINTS;
DROP TABLE Friendships CASCADE CONSTRAINTS;
DROP TABLE Groups CASCADE CONSTRAINTS;
DROP TABLE GroupMembers CASCADE CONSTRAINTS;
DROP TABLE Messages CASCADE CONSTRAINTS;

CREATE TABLE Profiles
(   userID  number(10) PRIMARY KEY,
    fname   varchar2(10),
    lname   varchar2(32),
    email   varchar2(42),
    dob    	DATE,
    last_login TIMESTAMP
);

CREATE TABLE Friendships
(	userId1 number(10),
	userId2	number(10),
	status	number(1),
	date_sent	DATE,
	CONSTRAINT Friendships_PK PRIMARY KEY (userId1,userId2),
	CONSTRAINT Friendships_FK_Profiles1 FOREIGN KEY (userId1) REFERENCES Profiles(userID),
	CONSTRAINT Friendships_FK_Profiles2 FOREIGN KEY (userId2) REFERENCES Profiles(userID),
	CONSTRAINT Check_SameUser CHECK (userId1 != userId2)
);
--Status: 0 = pending, 1 = established

CREATE TABLE Groups
(	groupId	number(10) PRIMARY KEY,
	gname	varchar2(32),
	description	varchar2(140),
	members	number(4),
	CONSTRAINT Check_Members CHECK (members <= 1000)
);

CREATE TABLE GroupMembers
(	groupId	number(10),
	userId	number(10),
	CONSTRAINT GroupMembers_FK_Groups FOREIGN KEY (groupId) REFERENCES Groups(groupId),
	CONSTRAINT GroupMembers_FK_Profiles FOREIGN KEY (userId) REFERENCES Profiles(userID)
);

CREATE TABLE Messages
(	msgId	number(10) PRIMARY KEY,
	sender	number(10),
	receiver	number(10),
	subject	varchar2(32),
	body	varchar2(100),
	sent_date	TIMESTAMP,
	CONSTRAINT Messages_FK_ProfilesS FOREIGN KEY (sender) REFERENCES Profiles(userID),
	CONSTRAINT Messages_FK_ProfilesR FOREIGN KEY (receiver) REFERENCES Profiles(userID)
);

INSERT INTO Profiles VALUES(1, 'Ada', 'Lovelace', 'ada1@gmail.com', TO_DATE('1990-01-03','YYYY-MM-DD'),  TIMESTAMP '2016-03-29 14:24:51');
INSERT INTO Profiles VALUES(2, 'Na', 'Li','na2@gmail.com', TO_DATE('1993-08-21','YYYY-MM-DD'), TIMESTAMP '2016-04-13 05:21:02');
INSERT INTO Profiles VALUES(3, 'Francis', 'Lefebvre', 'francis3@gmail.com', TO_DATE('1994-09-01','YYYY-MM-DD'), TIMESTAMP '2015-12-26 01:51:28'); 
INSERT INTO Profiles VALUES(4, 'Amanda', 'Carlevaro', 'amanda4@gmail.com', TO_DATE('1991-12-25','YYYY-MM-DD'), TIMESTAMP '2016-02-29 19:12:07'); 
INSERT INTO Profiles VALUES(5, 'Ethan', 'Lee', 'ethan5@gmail.com', TO_DATE('1995-08-09','YYYY-MM-DD'), TIMESTAMP '2016-03-19 12:34:48'); 
INSERT INTO Profiles VALUES(6, 'Zina', 'Mkizungo', 'zina6@gmail.com', TO_DATE('1990-08-13','YYYY-MM-DD'), TIMESTAMP '2014-06-28 17:55:23');
INSERT INTO Profiles VALUES(7, 'Ada', 'Lovelace', 'ada1@gmail.com', TO_DATE('1990-01-03','YYYY-MM-DD'),  TIMESTAMP '2016-03-29 14:24:51');
INSERT INTO Profiles VALUES(8, 'Na', 'Li','na2@gmail.com', TO_DATE('1993-08-21','YYYY-MM-DD'), TIMESTAMP '2016-04-13 05:21:02');
INSERT INTO Profiles VALUES(9, 'Francis', 'Lefebvre', 'francis3@gmail.com', TO_DATE('1994-09-01','YYYY-MM-DD'), TIMESTAMP '2015-12-26 01:51:28'); 
INSERT INTO Profiles VALUES(10, 'Amanda', 'Carlevaro', 'amanda4@gmail.com', TO_DATE('1991-12-25','YYYY-MM-DD'), TIMESTAMP '2016-02-29 19:12:07'); 
INSERT INTO Profiles VALUES(11, 'Ethan', 'Lee', 'ethan5@gmail.com', TO_DATE('1995-08-09','YYYY-MM-DD'), TIMESTAMP '2016-03-19 12:34:48'); 
INSERT INTO Profiles VALUES(12, 'Zina', 'Mkizungo', 'zina6@gmail.com', TO_DATE('1990-08-13','YYYY-MM-DD'), TIMESTAMP '2014-06-28 17:55:23');
INSERT INTO Profiles VALUES(13, 'Ada', 'Lovelace', 'ada1@gmail.com', TO_DATE('1990-01-03','YYYY-MM-DD'),  TIMESTAMP '2016-03-29 14:24:51');
INSERT INTO Profiles VALUES(14, 'Na', 'Li','na2@gmail.com', TO_DATE('1993-08-21','YYYY-MM-DD'), TIMESTAMP '2016-04-13 05:21:02');
INSERT INTO Profiles VALUES(15, 'Francis', 'Lefebvre', 'francis3@gmail.com', TO_DATE('1994-09-01','YYYY-MM-DD'), TIMESTAMP '2015-12-26 01:51:28'); 
INSERT INTO Profiles VALUES(16, 'Amanda', 'Carlevaro', 'amanda4@gmail.com', TO_DATE('1991-12-25','YYYY-MM-DD'), TIMESTAMP '2016-02-29 19:12:07'); 
INSERT INTO Profiles VALUES(17, 'Ethan', 'Lee', 'ethan5@gmail.com', TO_DATE('1995-08-09','YYYY-MM-DD'), TIMESTAMP '2016-03-19 12:34:48'); 
INSERT INTO Profiles VALUES(18, 'Zina', 'Mkizungo', 'zina6@gmail.com', TO_DATE('1990-08-13','YYYY-MM-DD'), TIMESTAMP '2014-06-28 17:55:23');
INSERT INTO Profiles VALUES(19, 'Ada', 'Lovelace', 'ada1@gmail.com', TO_DATE('1990-01-03','YYYY-MM-DD'),  TIMESTAMP '2016-03-29 14:24:51');
INSERT INTO Profiles VALUES(20, 'Na', 'Li','na2@gmail.com', TO_DATE('1993-08-21','YYYY-MM-DD'), TIMESTAMP '2016-04-13 05:21:02');
INSERT INTO Profiles VALUES(21, 'Francis', 'Lefebvre', 'francis3@gmail.com', TO_DATE('1994-09-01','YYYY-MM-DD'), TIMESTAMP '2015-12-26 01:51:28'); 
INSERT INTO Profiles VALUES(22, 'Amanda', 'Carlevaro', 'amanda4@gmail.com', TO_DATE('1991-12-25','YYYY-MM-DD'), TIMESTAMP '2016-02-29 19:12:07'); 
INSERT INTO Profiles VALUES(23, 'Ethan', 'Lee', 'ethan5@gmail.com', TO_DATE('1995-08-09','YYYY-MM-DD'), TIMESTAMP '2016-03-19 12:34:48'); 
INSERT INTO Profiles VALUES(24, 'Zina', 'Mkizungo', 'zina6@gmail.com', TO_DATE('1990-08-13','YYYY-MM-DD'), TIMESTAMP '2014-06-28 17:55:23');
INSERT INTO Profiles VALUES(25, 'Ada', 'Lovelace', 'ada1@gmail.com', TO_DATE('1990-01-03','YYYY-MM-DD'),  TIMESTAMP '2016-03-29 14:24:51');
INSERT INTO Profiles VALUES(26, 'Na', 'Li','na2@gmail.com', TO_DATE('1993-08-21','YYYY-MM-DD'), TIMESTAMP '2016-04-13 05:21:02');
INSERT INTO Profiles VALUES(27, 'Francis', 'Lefebvre', 'francis3@gmail.com', TO_DATE('1994-09-01','YYYY-MM-DD'), TIMESTAMP '2015-12-26 01:51:28'); 
INSERT INTO Profiles VALUES(28, 'Amanda', 'Carlevaro', 'amanda4@gmail.com', TO_DATE('1991-12-25','YYYY-MM-DD'), TIMESTAMP '2016-02-29 19:12:07'); 
INSERT INTO Profiles VALUES(29, 'Ethan', 'Lee', 'ethan5@gmail.com', TO_DATE('1995-08-09','YYYY-MM-DD'), TIMESTAMP '2016-03-19 12:34:48'); 
INSERT INTO Profiles VALUES(30, 'Zina', 'Mkizungo', 'zina6@gmail.com', TO_DATE('1990-08-13','YYYY-MM-DD'), TIMESTAMP '2014-06-28 17:55:23');
INSERT INTO Profiles VALUES(31, 'Ada', 'Lovelace', 'ada1@gmail.com', TO_DATE('1990-01-03','YYYY-MM-DD'),  TIMESTAMP '2016-03-29 14:24:51');
INSERT INTO Profiles VALUES(32, 'Na', 'Li','na2@gmail.com', TO_DATE('1993-08-21','YYYY-MM-DD'), TIMESTAMP '2016-04-13 05:21:02');
INSERT INTO Profiles VALUES(33, 'Francis', 'Lefebvre', 'francis3@gmail.com', TO_DATE('1994-09-01','YYYY-MM-DD'), TIMESTAMP '2015-12-26 01:51:28'); 
INSERT INTO Profiles VALUES(34, 'Amanda', 'Carlevaro', 'amanda4@gmail.com', TO_DATE('1991-12-25','YYYY-MM-DD'), TIMESTAMP '2016-02-29 19:12:07'); 
INSERT INTO Profiles VALUES(35, 'Ethan', 'Lee', 'ethan5@gmail.com', TO_DATE('1995-08-09','YYYY-MM-DD'), TIMESTAMP '2016-03-19 12:34:48'); 
INSERT INTO Profiles VALUES(36, 'Zina', 'Mkizungo', 'zina6@gmail.com', TO_DATE('1990-08-13','YYYY-MM-DD'), TIMESTAMP '2014-06-28 17:55:23');
INSERT INTO Profiles VALUES(37, 'Ada', 'Lovelace', 'ada1@gmail.com', TO_DATE('1990-01-03','YYYY-MM-DD'),  TIMESTAMP '2016-03-29 14:24:51');
INSERT INTO Profiles VALUES(38, 'Na', 'Li','na2@gmail.com', TO_DATE('1993-08-21','YYYY-MM-DD'), TIMESTAMP '2016-04-13 05:21:02');
INSERT INTO Profiles VALUES(39, 'Francis', 'Lefebvre', 'francis3@gmail.com', TO_DATE('1994-09-01','YYYY-MM-DD'), TIMESTAMP '2015-12-26 01:51:28'); 
INSERT INTO Profiles VALUES(40, 'Amanda', 'Carlevaro', 'amanda4@gmail.com', TO_DATE('1991-12-25','YYYY-MM-DD'), TIMESTAMP '2016-02-29 19:12:07'); 
INSERT INTO Profiles VALUES(41, 'Ethan', 'Lee', 'ethan5@gmail.com', TO_DATE('1995-08-09','YYYY-MM-DD'), TIMESTAMP '2016-03-19 12:34:48'); 
INSERT INTO Profiles VALUES(42, 'Zina', 'Mkizungo', 'zina6@gmail.com', TO_DATE('1990-08-13','YYYY-MM-DD'), TIMESTAMP '2014-06-28 17:55:23');
INSERT INTO Profiles VALUES(43, 'Ada', 'Lovelace', 'ada1@gmail.com', TO_DATE('1990-01-03','YYYY-MM-DD'),  TIMESTAMP '2016-03-29 14:24:51');
INSERT INTO Profiles VALUES(44, 'Na', 'Li','na2@gmail.com', TO_DATE('1993-08-21','YYYY-MM-DD'), TIMESTAMP '2016-04-13 05:21:02');
INSERT INTO Profiles VALUES(45, 'Francis', 'Lefebvre', 'francis3@gmail.com', TO_DATE('1994-09-01','YYYY-MM-DD'), TIMESTAMP '2015-12-26 01:51:28'); 
INSERT INTO Profiles VALUES(46, 'Amanda', 'Carlevaro', 'amanda4@gmail.com', TO_DATE('1991-12-25','YYYY-MM-DD'), TIMESTAMP '2016-02-29 19:12:07'); 
INSERT INTO Profiles VALUES(47, 'Ethan', 'Lee', 'ethan5@gmail.com', TO_DATE('1995-08-09','YYYY-MM-DD'), TIMESTAMP '2016-03-19 12:34:48'); 
INSERT INTO Profiles VALUES(48, 'Zina', 'Mkizungo', 'zina6@gmail.com', TO_DATE('1990-08-13','YYYY-MM-DD'), TIMESTAMP '2014-06-28 17:55:23');
INSERT INTO Profiles VALUES(49, 'Ada', 'Lovelace', 'ada1@gmail.com', TO_DATE('1990-01-03','YYYY-MM-DD'),  TIMESTAMP '2016-03-29 14:24:51');
INSERT INTO Profiles VALUES(50, 'Na', 'Li','na2@gmail.com', TO_DATE('1993-08-21','YYYY-MM-DD'), TIMESTAMP '2016-04-13 05:21:02');
INSERT INTO Profiles VALUES(51, 'Francis', 'Lefebvre', 'francis3@gmail.com', TO_DATE('1994-09-01','YYYY-MM-DD'), TIMESTAMP '2015-12-26 01:51:28'); 
INSERT INTO Profiles VALUES(52, 'Amanda', 'Carlevaro', 'amanda4@gmail.com', TO_DATE('1991-12-25','YYYY-MM-DD'), TIMESTAMP '2016-02-29 19:12:07'); 
INSERT INTO Profiles VALUES(53, 'Ethan', 'Lee', 'ethan5@gmail.com', TO_DATE('1995-08-09','YYYY-MM-DD'), TIMESTAMP '2016-03-19 12:34:48'); 
INSERT INTO Profiles VALUES(54, 'Zina', 'Mkizungo', 'zina6@gmail.com', TO_DATE('1990-08-13','YYYY-MM-DD'), TIMESTAMP '2014-06-28 17:55:23');
INSERT INTO Profiles VALUES(55, 'Ada', 'Lovelace', 'ada1@gmail.com', TO_DATE('1990-01-03','YYYY-MM-DD'),  TIMESTAMP '2016-03-29 14:24:51');
INSERT INTO Profiles VALUES(56, 'Na', 'Li','na2@gmail.com', TO_DATE('1993-08-21','YYYY-MM-DD'), TIMESTAMP '2016-04-13 05:21:02');
INSERT INTO Profiles VALUES(57, 'Francis', 'Lefebvre', 'francis3@gmail.com', TO_DATE('1994-09-01','YYYY-MM-DD'), TIMESTAMP '2015-12-26 01:51:28'); 
INSERT INTO Profiles VALUES(58, 'Amanda', 'Carlevaro', 'amanda4@gmail.com', TO_DATE('1991-12-25','YYYY-MM-DD'), TIMESTAMP '2016-02-29 19:12:07'); 
INSERT INTO Profiles VALUES(59, 'Ethan', 'Lee', 'ethan5@gmail.com', TO_DATE('1995-08-09','YYYY-MM-DD'), TIMESTAMP '2016-03-19 12:34:48'); 
INSERT INTO Profiles VALUES(60, 'Zina', 'Mkizungo', 'zina6@gmail.com', TO_DATE('1990-08-13','YYYY-MM-DD'), TIMESTAMP '2014-06-28 17:55:23');
INSERT INTO Profiles VALUES(61, 'Ada', 'Lovelace', 'ada1@gmail.com', TO_DATE('1990-01-03','YYYY-MM-DD'),  TIMESTAMP '2016-03-29 14:24:51');
INSERT INTO Profiles VALUES(62, 'Na', 'Li','na2@gmail.com', TO_DATE('1993-08-21','YYYY-MM-DD'), TIMESTAMP '2016-04-13 05:21:02');
INSERT INTO Profiles VALUES(63, 'Francis', 'Lefebvre', 'francis3@gmail.com', TO_DATE('1994-09-01','YYYY-MM-DD'), TIMESTAMP '2015-12-26 01:51:28'); 
INSERT INTO Profiles VALUES(64, 'Amanda', 'Carlevaro', 'amanda4@gmail.com', TO_DATE('1991-12-25','YYYY-MM-DD'), TIMESTAMP '2016-02-29 19:12:07'); 
INSERT INTO Profiles VALUES(65, 'Ethan', 'Lee', 'ethan5@gmail.com', TO_DATE('1995-08-09','YYYY-MM-DD'), TIMESTAMP '2016-03-19 12:34:48'); 
INSERT INTO Profiles VALUES(66, 'Zina', 'Mkizungo', 'zina6@gmail.com', TO_DATE('1990-08-13','YYYY-MM-DD'), TIMESTAMP '2014-06-28 17:55:23');
INSERT INTO Profiles VALUES(67, 'Ada', 'Lovelace', 'ada1@gmail.com', TO_DATE('1990-01-03','YYYY-MM-DD'),  TIMESTAMP '2016-03-29 14:24:51');
INSERT INTO Profiles VALUES(68, 'Na', 'Li','na2@gmail.com', TO_DATE('1993-08-21','YYYY-MM-DD'), TIMESTAMP '2016-04-13 05:21:02');
INSERT INTO Profiles VALUES(69, 'Francis', 'Lefebvre', 'francis3@gmail.com', TO_DATE('1994-09-01','YYYY-MM-DD'), TIMESTAMP '2015-12-26 01:51:28'); 
INSERT INTO Profiles VALUES(70, 'Amanda', 'Carlevaro', 'amanda4@gmail.com', TO_DATE('1991-12-25','YYYY-MM-DD'), TIMESTAMP '2016-02-29 19:12:07'); 
INSERT INTO Profiles VALUES(71, 'Ethan', 'Lee', 'ethan5@gmail.com', TO_DATE('1995-08-09','YYYY-MM-DD'), TIMESTAMP '2016-03-19 12:34:48'); 
INSERT INTO Profiles VALUES(72, 'Zina', 'Mkizungo', 'zina6@gmail.com', TO_DATE('1990-08-13','YYYY-MM-DD'), TIMESTAMP '2014-06-28 17:55:23');
INSERT INTO Profiles VALUES(73, 'Ada', 'Lovelace', 'ada1@gmail.com', TO_DATE('1990-01-03','YYYY-MM-DD'),  TIMESTAMP '2016-03-29 14:24:51');
INSERT INTO Profiles VALUES(74, 'Na', 'Li','na2@gmail.com', TO_DATE('1993-08-21','YYYY-MM-DD'), TIMESTAMP '2016-04-13 05:21:02');
INSERT INTO Profiles VALUES(75, 'Francis', 'Lefebvre', 'francis3@gmail.com', TO_DATE('1994-09-01','YYYY-MM-DD'), TIMESTAMP '2015-12-26 01:51:28'); 
INSERT INTO Profiles VALUES(76, 'Amanda', 'Carlevaro', 'amanda4@gmail.com', TO_DATE('1991-12-25','YYYY-MM-DD'), TIMESTAMP '2016-02-29 19:12:07'); 
INSERT INTO Profiles VALUES(77, 'Ethan', 'Lee', 'ethan5@gmail.com', TO_DATE('1995-08-09','YYYY-MM-DD'), TIMESTAMP '2016-03-19 12:34:48'); 
INSERT INTO Profiles VALUES(78, 'Zina', 'Mkizungo', 'zina6@gmail.com', TO_DATE('1990-08-13','YYYY-MM-DD'), TIMESTAMP '2014-06-28 17:55:23');
INSERT INTO Profiles VALUES(79, 'Ada', 'Lovelace', 'ada1@gmail.com', TO_DATE('1990-01-03','YYYY-MM-DD'),  TIMESTAMP '2016-03-29 14:24:51');
INSERT INTO Profiles VALUES(80, 'Na', 'Li','na2@gmail.com', TO_DATE('1993-08-21','YYYY-MM-DD'), TIMESTAMP '2016-04-13 05:21:02');
INSERT INTO Profiles VALUES(81, 'Francis', 'Lefebvre', 'francis3@gmail.com', TO_DATE('1994-09-01','YYYY-MM-DD'), TIMESTAMP '2015-12-26 01:51:28'); 
INSERT INTO Profiles VALUES(82, 'Amanda', 'Carlevaro', 'amanda4@gmail.com', TO_DATE('1991-12-25','YYYY-MM-DD'), TIMESTAMP '2016-02-29 19:12:07'); 
INSERT INTO Profiles VALUES(83, 'Ethan', 'Lee', 'ethan5@gmail.com', TO_DATE('1995-08-09','YYYY-MM-DD'), TIMESTAMP '2016-03-19 12:34:48'); 
INSERT INTO Profiles VALUES(84, 'Zina', 'Mkizungo', 'zina6@gmail.com', TO_DATE('1990-08-13','YYYY-MM-DD'), TIMESTAMP '2014-06-28 17:55:23');
INSERT INTO Profiles VALUES(85, 'Ada', 'Lovelace', 'ada1@gmail.com', TO_DATE('1990-01-03','YYYY-MM-DD'),  TIMESTAMP '2016-03-29 14:24:51');
INSERT INTO Profiles VALUES(86, 'Na', 'Li','na2@gmail.com', TO_DATE('1993-08-21','YYYY-MM-DD'), TIMESTAMP '2016-04-13 05:21:02');
INSERT INTO Profiles VALUES(87, 'Francis', 'Lefebvre', 'francis3@gmail.com', TO_DATE('1994-09-01','YYYY-MM-DD'), TIMESTAMP '2015-12-26 01:51:28'); 
INSERT INTO Profiles VALUES(88, 'Amanda', 'Carlevaro', 'amanda4@gmail.com', TO_DATE('1991-12-25','YYYY-MM-DD'), TIMESTAMP '2016-02-29 19:12:07'); 
INSERT INTO Profiles VALUES(89, 'Ethan', 'Lee', 'ethan5@gmail.com', TO_DATE('1995-08-09','YYYY-MM-DD'), TIMESTAMP '2016-03-19 12:34:48'); 
INSERT INTO Profiles VALUES(90, 'Zina', 'Mkizungo', 'zina6@gmail.com', TO_DATE('1990-08-13','YYYY-MM-DD'), TIMESTAMP '2014-06-28 17:55:23');
INSERT INTO Profiles VALUES(91, 'Ada', 'Lovelace', 'ada1@gmail.com', TO_DATE('1990-01-03','YYYY-MM-DD'),  TIMESTAMP '2016-03-29 14:24:51');
INSERT INTO Profiles VALUES(92, 'Na', 'Li','na2@gmail.com', TO_DATE('1993-08-21','YYYY-MM-DD'), TIMESTAMP '2016-04-13 05:21:02');
INSERT INTO Profiles VALUES(93, 'Francis', 'Lefebvre', 'francis3@gmail.com', TO_DATE('1994-09-01','YYYY-MM-DD'), TIMESTAMP '2015-12-26 01:51:28'); 
INSERT INTO Profiles VALUES(94, 'Amanda', 'Carlevaro', 'amanda4@gmail.com', TO_DATE('1991-12-25','YYYY-MM-DD'), TIMESTAMP '2016-02-29 19:12:07'); 
INSERT INTO Profiles VALUES(95, 'Ethan', 'Lee', 'ethan5@gmail.com', TO_DATE('1995-08-09','YYYY-MM-DD'), TIMESTAMP '2016-03-19 12:34:48'); 
INSERT INTO Profiles VALUES(96, 'Zina', 'Mkizungo', 'zina6@gmail.com', TO_DATE('1990-08-13','YYYY-MM-DD'), TIMESTAMP '2014-06-28 17:55:23');
INSERT INTO Profiles VALUES(97, 'Ada', 'Lovelace', 'ada1@gmail.com', TO_DATE('1990-01-03','YYYY-MM-DD'),  TIMESTAMP '2016-03-29 14:24:51');
INSERT INTO Profiles VALUES(98, 'Na', 'Li','na2@gmail.com', TO_DATE('1993-08-21','YYYY-MM-DD'), TIMESTAMP '2016-04-13 05:21:02');
INSERT INTO Profiles VALUES(99, 'Francis', 'Lefebvre', 'francis3@gmail.com', TO_DATE('1994-09-01','YYYY-MM-DD'), TIMESTAMP '2015-12-26 01:51:28'); 
INSERT INTO Profiles VALUES(100, 'Amanda', 'Carlevaro', 'amanda4@gmail.com', TO_DATE('1991-12-25','YYYY-MM-DD'), TIMESTAMP '2016-02-29 19:12:07'); 

INSERT INTO Friendships VALUES(1,2,1,TO_DATE('2015-02-04','YYYY-MM-DD'));
INSERT INTO Friendships VALUES(2,1,1,TO_DATE('2015-02-04','YYYY-MM-DD'));
INSERT INTO Friendships VALUES(1,12,1,TO_DATE('2015-02-04','YYYY-MM-DD'));
INSERT INTO Friendships VALUES(12,1,1,TO_DATE('2015-02-04','YYYY-MM-DD'));
INSERT INTO Friendships VALUES(1,21,1,TO_DATE('2015-02-04','YYYY-MM-DD'));
INSERT INTO Friendships VALUES(21,1,1,TO_DATE('2015-02-04','YYYY-MM-DD'));
INSERT INTO Friendships VALUES(1,25,1,TO_DATE('2015-02-04','YYYY-MM-DD'));
INSERT INTO Friendships VALUES(25,1,1,TO_DATE('2015-02-04','YYYY-MM-DD'));
INSERT INTO Friendships VALUES(1,26,1,TO_DATE('2015-02-04','YYYY-MM-DD'));
INSERT INTO Friendships VALUES(26,1,1,TO_DATE('2015-02-04','YYYY-MM-DD'));
INSERT INTO Friendships VALUES(1,22,1,TO_DATE('2015-02-04','YYYY-MM-DD'));
INSERT INTO Friendships VALUES(22,1,1,TO_DATE('2015-02-04','YYYY-MM-DD'));
INSERT INTO Friendships VALUES(1,52,1,TO_DATE('2015-02-04','YYYY-MM-DD'));
INSERT INTO Friendships VALUES(52,1,1,TO_DATE('2015-02-04','YYYY-MM-DD'));
INSERT INTO Friendships VALUES(1,33,1,TO_DATE('2015-02-04','YYYY-MM-DD'));
INSERT INTO Friendships VALUES(33,1,1,TO_DATE('2015-02-04','YYYY-MM-DD'));
INSERT INTO Friendships VALUES(1,53,1,TO_DATE('2015-02-04','YYYY-MM-DD'));
INSERT INTO Friendships VALUES(53,1,1,TO_DATE('2015-02-04','YYYY-MM-DD'));
INSERT INTO Friendships VALUES(1,67,1,TO_DATE('2015-02-04','YYYY-MM-DD'));
INSERT INTO Friendships VALUES(67,1,1,TO_DATE('2015-02-04','YYYY-MM-DD'));
INSERT INTO Friendships VALUES(1,79,1,TO_DATE('2015-02-04','YYYY-MM-DD'));
INSERT INTO Friendships VALUES(79,1,1,TO_DATE('2015-02-04','YYYY-MM-DD'));
INSERT INTO Friendships VALUES(1,6,1,TO_DATE('2015-02-04','YYYY-MM-DD'));
INSERT INTO Friendships VALUES(6,1,1,TO_DATE('2015-02-04','YYYY-MM-DD'));
INSERT INTO Friendships VALUES(1,17,1,TO_DATE('2015-02-04','YYYY-MM-DD'));
INSERT INTO Friendships VALUES(17,1,1,TO_DATE('2015-02-04','YYYY-MM-DD'));
INSERT INTO Friendships VALUES(3,9,0,TO_DATE('2016-02-17', 'YYYY-MM-DD'));
INSERT INTO Friendships VALUES(3,19,1,TO_DATE('2016-02-17', 'YYYY-MM-DD'));
INSERT INTO Friendships VALUES(19,3,1,TO_DATE('2016-02-17', 'YYYY-MM-DD'));
INSERT INTO Friendships VALUES(3,74,1,TO_DATE('2016-02-17', 'YYYY-MM-DD'));
INSERT INTO Friendships VALUES(74,3,1,TO_DATE('2016-02-17', 'YYYY-MM-DD'));
INSERT INTO Friendships VALUES(3,81,1,TO_DATE('2016-02-17', 'YYYY-MM-DD'));
INSERT INTO Friendships VALUES(81,3,1,TO_DATE('2016-02-17', 'YYYY-MM-DD'));
INSERT INTO Friendships VALUES(3,100,1,TO_DATE('2016-02-17', 'YYYY-MM-DD'));
INSERT INTO Friendships VALUES(100,3,1,TO_DATE('2016-02-17', 'YYYY-MM-DD'));
INSERT INTO Friendships VALUES(3,73,1,TO_DATE('2016-02-17', 'YYYY-MM-DD'));
INSERT INTO Friendships VALUES(73,3,1,TO_DATE('2016-02-17', 'YYYY-MM-DD'));
INSERT INTO Friendships VALUES(3,82,1,TO_DATE('2016-02-17', 'YYYY-MM-DD'));
INSERT INTO Friendships VALUES(82,3,1,TO_DATE('2016-02-17', 'YYYY-MM-DD'));
INSERT INTO Friendships VALUES(3,4,1,TO_DATE('2016-02-17', 'YYYY-MM-DD'));
INSERT INTO Friendships VALUES(4,3,1,TO_DATE('2016-02-17', 'YYYY-MM-DD'));
INSERT INTO Friendships VALUES(3,2,1,TO_DATE('2016-02-17', 'YYYY-MM-DD'));
INSERT INTO Friendships VALUES(2,3,1,TO_DATE('2016-02-17', 'YYYY-MM-DD'));
INSERT INTO Friendships VALUES(3,10,0,TO_DATE('2016-02-17', 'YYYY-MM-DD'));
INSERT INTO Friendships VALUES(3,61,0,TO_DATE('2016-02-17', 'YYYY-MM-DD'));
INSERT INTO Friendships VALUES(3,52,0,TO_DATE('2016-02-17', 'YYYY-MM-DD'));
INSERT INTO Friendships VALUES(49,10,0,TO_DATE('2016-04-14', 'YYYY-MM-DD'));
INSERT INTO Friendships VALUES(49,61,0,TO_DATE('2016-04-14', 'YYYY-MM-DD'));
INSERT INTO Friendships VALUES(49,52,0,TO_DATE('2016-04-14', 'YYYY-MM-DD'));
INSERT INTO Friendships VALUES(49,3,0,TO_DATE('2016-04-14', 'YYYY-MM-DD')); 
INSERT INTO Friendships VALUES(49,90,0,TO_DATE('2016-04-14', 'YYYY-MM-DD'));
INSERT INTO Friendships VALUES(49,21,0,TO_DATE('2016-04-14', 'YYYY-MM-DD'));
INSERT INTO Friendships VALUES(49,63,0,TO_DATE('2016-04-14', 'YYYY-MM-DD'));
INSERT INTO Friendships VALUES(49,9,0,TO_DATE('2016-04-14', 'YYYY-MM-DD'));
INSERT INTO Friendships VALUES(49,37,0,TO_DATE('2016-04-14', 'YYYY-MM-DD'));
INSERT INTO Friendships VALUES(49,71,0,TO_DATE('2016-04-14', 'YYYY-MM-DD'));
INSERT INTO Friendships VALUES(49,5,0,TO_DATE('2016-04-14', 'YYYY-MM-DD'));
INSERT INTO Friendships VALUES(49,6,0,TO_DATE('2016-04-14', 'YYYY-MM-DD'));
INSERT INTO Friendships VALUES(49,78,0,TO_DATE('2016-04-14', 'YYYY-MM-DD'));
INSERT INTO Friendships VALUES(49,12,0,TO_DATE('2016-04-14', 'YYYY-MM-DD'));
INSERT INTO Friendships VALUES(49,11,0,TO_DATE('2016-04-14', 'YYYY-MM-DD'));
INSERT INTO Friendships VALUES(49,44,0,TO_DATE('2016-04-14', 'YYYY-MM-DD'));
INSERT INTO Friendships VALUES(95,2,1,TO_DATE('2015-12-13','YYYY-MM-DD'));
INSERT INTO Friendships VALUES(2,95,1,TO_DATE('2015-12-13','YYYY-MM-DD'));
INSERT INTO Friendships VALUES(95,12,1,TO_DATE('2015-12-13','YYYY-MM-DD'));
INSERT INTO Friendships VALUES(12,95,1,TO_DATE('2015-12-13','YYYY-MM-DD'));
INSERT INTO Friendships VALUES(95,21,1,TO_DATE('2015-12-13','YYYY-MM-DD'));
INSERT INTO Friendships VALUES(21,95,1,TO_DATE('2015-12-13','YYYY-MM-DD'));
INSERT INTO Friendships VALUES(95,25,1,TO_DATE('2015-12-13','YYYY-MM-DD'));
INSERT INTO Friendships VALUES(25,95,1,TO_DATE('2015-12-13','YYYY-MM-DD'));
INSERT INTO Friendships VALUES(95,26,1,TO_DATE('2015-12-13','YYYY-MM-DD'));
INSERT INTO Friendships VALUES(26,95,1,TO_DATE('2015-12-13','YYYY-MM-DD'));
INSERT INTO Friendships VALUES(95,22,1,TO_DATE('2015-12-13','YYYY-MM-DD'));
INSERT INTO Friendships VALUES(22,95,1,TO_DATE('2015-12-13','YYYY-MM-DD'));
INSERT INTO Friendships VALUES(95,52,1,TO_DATE('2015-12-13','YYYY-MM-DD'));
INSERT INTO Friendships VALUES(52,95,1,TO_DATE('2015-12-13','YYYY-MM-DD'));
INSERT INTO Friendships VALUES(95,33,1,TO_DATE('2015-12-13','YYYY-MM-DD'));
INSERT INTO Friendships VALUES(33,95,1,TO_DATE('2015-12-13','YYYY-MM-DD'));
INSERT INTO Friendships VALUES(95,53,1,TO_DATE('2015-12-13','YYYY-MM-DD'));
INSERT INTO Friendships VALUES(53,95,1,TO_DATE('2015-12-13','YYYY-MM-DD'));
INSERT INTO Friendships VALUES(95,67,1,TO_DATE('2015-12-13','YYYY-MM-DD'));
INSERT INTO Friendships VALUES(67,95,1,TO_DATE('2015-12-13','YYYY-MM-DD'));
INSERT INTO Friendships VALUES(95,79,1,TO_DATE('2015-12-13','YYYY-MM-DD'));
INSERT INTO Friendships VALUES(79,95,1,TO_DATE('2015-12-13','YYYY-MM-DD'));
INSERT INTO Friendships VALUES(95,100,1,TO_DATE('2015-12-13','YYYY-MM-DD'));
INSERT INTO Friendships VALUES(6,95,1,TO_DATE('2015-12-13','YYYY-MM-DD'));
INSERT INTO Friendships VALUES(95,17,1,TO_DATE('2015-12-13','YYYY-MM-DD'));
INSERT INTO Friendships VALUES(17,95,1,TO_DATE('2015-12-13','YYYY-MM-DD'));
INSERT INTO Friendships VALUES(100,9,0,TO_DATE('2016-02-17', 'YYYY-MM-DD'));
INSERT INTO Friendships VALUES(100,19,1,TO_DATE('2016-02-17', 'YYYY-MM-DD'));
INSERT INTO Friendships VALUES(19,100,1,TO_DATE('2016-02-17', 'YYYY-MM-DD'));
INSERT INTO Friendships VALUES(100,74,1,TO_DATE('2016-02-17', 'YYYY-MM-DD'));
INSERT INTO Friendships VALUES(74,100,1,TO_DATE('2016-02-17', 'YYYY-MM-DD'));
INSERT INTO Friendships VALUES(100,89,1,TO_DATE('2016-02-17', 'YYYY-MM-DD'));
INSERT INTO Friendships VALUES(89,100,1,TO_DATE('2016-02-17', 'YYYY-MM-DD'));
INSERT INTO Friendships VALUES(32,100,1,TO_DATE('2016-02-17', 'YYYY-MM-DD'));
INSERT INTO Friendships VALUES(100,32,1,TO_DATE('2016-02-17', 'YYYY-MM-DD'));
INSERT INTO Friendships VALUES(100,73,1,TO_DATE('2016-02-17', 'YYYY-MM-DD'));
INSERT INTO Friendships VALUES(73,100,1,TO_DATE('2016-02-17', 'YYYY-MM-DD'));
INSERT INTO Friendships VALUES(100,82,1,TO_DATE('2016-02-17', 'YYYY-MM-DD'));
INSERT INTO Friendships VALUES(82,100,1,TO_DATE('2016-02-17', 'YYYY-MM-DD'));
INSERT INTO Friendships VALUES(100,4,1,TO_DATE('2016-02-17', 'YYYY-MM-DD'));
INSERT INTO Friendships VALUES(4,100,1,TO_DATE('2016-02-17', 'YYYY-MM-DD'));
INSERT INTO Friendships VALUES(100,2,1,TO_DATE('2016-02-17', 'YYYY-MM-DD'));
INSERT INTO Friendships VALUES(2,100,1,TO_DATE('2016-02-17', 'YYYY-MM-DD'));
INSERT INTO Friendships VALUES(100,10,0,TO_DATE('2016-02-17', 'YYYY-MM-DD'));
INSERT INTO Friendships VALUES(100,61,0,TO_DATE('2016-02-17', 'YYYY-MM-DD'));
INSERT INTO Friendships VALUES(100,52,0,TO_DATE('2016-02-17', 'YYYY-MM-DD'));
INSERT INTO Friendships VALUES(100,29,0,TO_DATE('2016-04-14', 'YYYY-MM-DD'));
INSERT INTO Friendships VALUES(100,43,0,TO_DATE('2016-04-14', 'YYYY-MM-DD'));
INSERT INTO Friendships VALUES(100,72,0,TO_DATE('2016-04-14', 'YYYY-MM-DD'));
INSERT INTO Friendships VALUES(50,100,0,TO_DATE('2016-04-14', 'YYYY-MM-DD')); 
INSERT INTO Friendships VALUES(22,87,0,TO_DATE('2015-02-04','YYYY-MM-DD'));
INSERT INTO Friendships VALUES(87,52,1,TO_DATE('2015-02-04','YYYY-MM-DD'));
INSERT INTO Friendships VALUES(52,87,1,TO_DATE('2015-02-04','YYYY-MM-DD'));
INSERT INTO Friendships VALUES(87,33,1,TO_DATE('2015-02-04','YYYY-MM-DD'));
INSERT INTO Friendships VALUES(33,87,1,TO_DATE('2015-02-04','YYYY-MM-DD'));
INSERT INTO Friendships VALUES(87,53,1,TO_DATE('2015-02-04','YYYY-MM-DD'));
INSERT INTO Friendships VALUES(53,87,1,TO_DATE('2015-02-04','YYYY-MM-DD'));
INSERT INTO Friendships VALUES(87,67,1,TO_DATE('2015-02-04','YYYY-MM-DD'));
INSERT INTO Friendships VALUES(67,87,1,TO_DATE('2015-02-04','YYYY-MM-DD'));
INSERT INTO Friendships VALUES(87,79,1,TO_DATE('2015-02-04','YYYY-MM-DD'));
INSERT INTO Friendships VALUES(79,87,1,TO_DATE('2015-02-04','YYYY-MM-DD'));
INSERT INTO Friendships VALUES(87,6,1,TO_DATE('2015-02-04','YYYY-MM-DD'));
INSERT INTO Friendships VALUES(6,87,1,TO_DATE('2015-02-04','YYYY-MM-DD'));
INSERT INTO Friendships VALUES(87,17,1,TO_DATE('2015-02-04','YYYY-MM-DD'));
INSERT INTO Friendships VALUES(17,87,1,TO_DATE('2015-02-04','YYYY-MM-DD'));
INSERT INTO Friendships VALUES(7,9,0,TO_DATE('2016-02-17', 'YYYY-MM-DD'));
INSERT INTO Friendships VALUES(7,19,1,TO_DATE('2016-02-17', 'YYYY-MM-DD'));
INSERT INTO Friendships VALUES(19,7,1,TO_DATE('2016-02-17', 'YYYY-MM-DD'));
INSERT INTO Friendships VALUES(7,74,1,TO_DATE('2016-02-17', 'YYYY-MM-DD'));
INSERT INTO Friendships VALUES(74,7,1,TO_DATE('2016-02-17', 'YYYY-MM-DD'));
INSERT INTO Friendships VALUES(7,20,1,TO_DATE('2016-02-17', 'YYYY-MM-DD'));
INSERT INTO Friendships VALUES(20,7,1,TO_DATE('2016-02-17', 'YYYY-MM-DD'));
INSERT INTO Friendships VALUES(7,100,1,TO_DATE('2016-02-17', 'YYYY-MM-DD'));
INSERT INTO Friendships VALUES(100,7,1,TO_DATE('2016-02-17', 'YYYY-MM-DD'));
INSERT INTO Friendships VALUES(7,73,1,TO_DATE('2016-02-17', 'YYYY-MM-DD'));
INSERT INTO Friendships VALUES(73,7,1,TO_DATE('2016-02-17', 'YYYY-MM-DD'));
INSERT INTO Friendships VALUES(7,82,1,TO_DATE('2016-02-17', 'YYYY-MM-DD'));
INSERT INTO Friendships VALUES(82,7,1,TO_DATE('2016-02-17', 'YYYY-MM-DD'));
INSERT INTO Friendships VALUES(7,4,1,TO_DATE('2016-02-17', 'YYYY-MM-DD'));
INSERT INTO Friendships VALUES(4,7,1,TO_DATE('2016-02-17', 'YYYY-MM-DD'));
INSERT INTO Friendships VALUES(7,2,1,TO_DATE('2016-02-17', 'YYYY-MM-DD'));
INSERT INTO Friendships VALUES(2,7,1,TO_DATE('2016-02-17', 'YYYY-MM-DD'));
INSERT INTO Friendships VALUES(7,10,0,TO_DATE('2016-02-17', 'YYYY-MM-DD'));
INSERT INTO Friendships VALUES(7,61,0,TO_DATE('2016-02-17', 'YYYY-MM-DD'));
INSERT INTO Friendships VALUES(7,52,0,TO_DATE('2016-02-17', 'YYYY-MM-DD'));
INSERT INTO Friendships VALUES(45,10,0,TO_DATE('2016-04-14', 'YYYY-MM-DD'));
INSERT INTO Friendships VALUES(45,61,0,TO_DATE('2016-04-14', 'YYYY-MM-DD'));
INSERT INTO Friendships VALUES(45,52,0,TO_DATE('2016-04-14', 'YYYY-MM-DD'));
INSERT INTO Friendships VALUES(45,3,0,TO_DATE('2016-04-14', 'YYYY-MM-DD')); 
INSERT INTO Friendships VALUES(45,90,0,TO_DATE('2016-04-14', 'YYYY-MM-DD'));
INSERT INTO Friendships VALUES(45,21,0,TO_DATE('2016-04-14', 'YYYY-MM-DD'));
INSERT INTO Friendships VALUES(45,63,0,TO_DATE('2016-04-14', 'YYYY-MM-DD'));
INSERT INTO Friendships VALUES(45,9,0,TO_DATE('2016-04-14', 'YYYY-MM-DD'));
INSERT INTO Friendships VALUES(45,37,0,TO_DATE('2016-04-14', 'YYYY-MM-DD'));
INSERT INTO Friendships VALUES(45,71,0,TO_DATE('2016-04-14', 'YYYY-MM-DD'));
INSERT INTO Friendships VALUES(45,5,0,TO_DATE('2016-04-14', 'YYYY-MM-DD'));
INSERT INTO Friendships VALUES(45,6,0,TO_DATE('2016-04-14', 'YYYY-MM-DD'));
INSERT INTO Friendships VALUES(45,78,0,TO_DATE('2016-04-14', 'YYYY-MM-DD'));
INSERT INTO Friendships VALUES(45,12,0,TO_DATE('2016-04-14', 'YYYY-MM-DD'));
INSERT INTO Friendships VALUES(45,11,0,TO_DATE('2016-04-14', 'YYYY-MM-DD'));
INSERT INTO Friendships VALUES(45,44,0,TO_DATE('2016-04-14', 'YYYY-MM-DD'));
INSERT INTO Friendships VALUES(72,2,1,TO_DATE('2015-12-13','YYYY-MM-DD'));
INSERT INTO Friendships VALUES(2,72,1,TO_DATE('2015-12-13','YYYY-MM-DD'));
INSERT INTO Friendships VALUES(72,12,1,TO_DATE('2015-12-13','YYYY-MM-DD'));
INSERT INTO Friendships VALUES(12,72,1,TO_DATE('2015-12-13','YYYY-MM-DD'));
INSERT INTO Friendships VALUES(72,21,1,TO_DATE('2015-12-13','YYYY-MM-DD'));
INSERT INTO Friendships VALUES(21,72,1,TO_DATE('2015-12-13','YYYY-MM-DD'));
INSERT INTO Friendships VALUES(72,25,1,TO_DATE('2015-12-13','YYYY-MM-DD'));
INSERT INTO Friendships VALUES(25,72,1,TO_DATE('2015-12-13','YYYY-MM-DD'));
INSERT INTO Friendships VALUES(72,26,1,TO_DATE('2015-12-13','YYYY-MM-DD'));
INSERT INTO Friendships VALUES(26,72,1,TO_DATE('2015-12-13','YYYY-MM-DD'));
INSERT INTO Friendships VALUES(72,22,1,TO_DATE('2015-12-13','YYYY-MM-DD'));
INSERT INTO Friendships VALUES(22,72,1,TO_DATE('2015-12-13','YYYY-MM-DD'));
INSERT INTO Friendships VALUES(72,52,1,TO_DATE('2015-12-13','YYYY-MM-DD'));
INSERT INTO Friendships VALUES(52,72,1,TO_DATE('2015-12-13','YYYY-MM-DD'));
INSERT INTO Friendships VALUES(72,33,1,TO_DATE('2015-12-13','YYYY-MM-DD'));
INSERT INTO Friendships VALUES(33,72,1,TO_DATE('2015-12-13','YYYY-MM-DD'));
INSERT INTO Friendships VALUES(72,53,1,TO_DATE('2015-12-13','YYYY-MM-DD'));
INSERT INTO Friendships VALUES(53,72,1,TO_DATE('2015-12-13','YYYY-MM-DD'));
INSERT INTO Friendships VALUES(72,67,1,TO_DATE('2015-12-13','YYYY-MM-DD'));
INSERT INTO Friendships VALUES(67,72,1,TO_DATE('2015-12-13','YYYY-MM-DD'));
INSERT INTO Friendships VALUES(72,79,1,TO_DATE('2015-12-13','YYYY-MM-DD'));
INSERT INTO Friendships VALUES(79,72,1,TO_DATE('2015-12-13','YYYY-MM-DD'));
INSERT INTO Friendships VALUES(72,100,0,TO_DATE('2015-12-13','YYYY-MM-DD'));
INSERT INTO Friendships VALUES(6,72,1,TO_DATE('2015-12-13','YYYY-MM-DD'));
INSERT INTO Friendships VALUES(72,17,1,TO_DATE('2015-12-13','YYYY-MM-DD'));
INSERT INTO Friendships VALUES(17,72,1,TO_DATE('2015-12-13','YYYY-MM-DD'));
INSERT INTO Friendships VALUES(36,9,0,TO_DATE('2016-02-17', 'YYYY-MM-DD'));
INSERT INTO Friendships VALUES(36,19,1,TO_DATE('2016-02-17', 'YYYY-MM-DD'));
INSERT INTO Friendships VALUES(19,36,1,TO_DATE('2016-02-17', 'YYYY-MM-DD'));
INSERT INTO Friendships VALUES(36,74,1,TO_DATE('2016-02-17', 'YYYY-MM-DD'));
INSERT INTO Friendships VALUES(74,36,1,TO_DATE('2016-02-17', 'YYYY-MM-DD'));
INSERT INTO Friendships VALUES(36,89,1,TO_DATE('2016-02-17', 'YYYY-MM-DD'));
INSERT INTO Friendships VALUES(89,36,1,TO_DATE('2016-02-17', 'YYYY-MM-DD'));
INSERT INTO Friendships VALUES(32,36,1,TO_DATE('2016-02-17', 'YYYY-MM-DD'));
INSERT INTO Friendships VALUES(36,32,1,TO_DATE('2016-02-17', 'YYYY-MM-DD'));
INSERT INTO Friendships VALUES(36,73,1,TO_DATE('2016-02-17', 'YYYY-MM-DD'));
INSERT INTO Friendships VALUES(73,36,1,TO_DATE('2016-02-17', 'YYYY-MM-DD'));

INSERT INTO Groups VALUES(1,'Fan of Superman','We think Superman is the best superhero!',10);
INSERT INTO Groups VALUES(2,'Fan of Batman','We think Batman is the best superhero!',10);
INSERT INTO Groups VALUES(3,'Fan of Wonder Woman','We think Wonder Woman is the best superhero!',10);
INSERT INTO Groups VALUES(4,'Fan of Flash','We think Flash is the best superhero!',10);
INSERT INTO Groups VALUES(5,'Fan of Aquaman','We think Aquaman is the best superhero!',10);
INSERT INTO Groups VALUES(6,'Fan of Cyborg','We think Cyborg is the best superhero!',10);
INSERT INTO Groups VALUES(7,'Fan of Nightwing','We think Nightwing is the best superhero!',10);
INSERT INTO Groups VALUES(8,'Fan of Green Arrow','We think Green Arrow is the best superhero!',10);
INSERT INTO Groups VALUES(9,'Fan of Martian Manhunter','We think Martian Manhunter is the best superhero!',10);
INSERT INTO Groups VALUES(10,'Fan of Hawkgirl','We think Hawkgirl is the best superhero!',10);
--The number of members would use the function COUNT() to get the real totals. 
--For now just having a set number 
INSERT INTO GroupMembers Values(1,1);
INSERT INTO GroupMembers Values(1,2);
INSERT INTO GroupMembers Values(1,3);
INSERT INTO GroupMembers Values(1,4);
INSERT INTO GroupMembers Values(1,5);
INSERT INTO GroupMembers Values(1,6);
INSERT INTO GroupMembers Values(1,7);
INSERT INTO GroupMembers Values(1,8);
INSERT INTO GroupMembers Values(1,9);
INSERT INTO GroupMembers Values(1,10);
INSERT INTO GroupMembers Values(2,11);
INSERT INTO GroupMembers Values(2,12);
INSERT INTO GroupMembers Values(2,13);
INSERT INTO GroupMembers Values(2,14);
INSERT INTO GroupMembers Values(2,15);
INSERT INTO GroupMembers Values(2,16);
INSERT INTO GroupMembers Values(2,17);
INSERT INTO GroupMembers Values(2,18);
INSERT INTO GroupMembers Values(2,19);
INSERT INTO GroupMembers Values(2,20);
INSERT INTO GroupMembers Values(3,21);
INSERT INTO GroupMembers Values(3,22);
INSERT INTO GroupMembers Values(3,23);
INSERT INTO GroupMembers Values(3,24);
INSERT INTO GroupMembers Values(3,25);
INSERT INTO GroupMembers Values(3,26);
INSERT INTO GroupMembers Values(3,27);
INSERT INTO GroupMembers Values(3,28);
INSERT INTO GroupMembers Values(3,29);
INSERT INTO GroupMembers Values(3,30);
INSERT INTO GroupMembers Values(4,31);
INSERT INTO GroupMembers Values(4,32);
INSERT INTO GroupMembers Values(4,33);
INSERT INTO GroupMembers Values(4,34);
INSERT INTO GroupMembers Values(4,35);
INSERT INTO GroupMembers Values(4,36);
INSERT INTO GroupMembers Values(4,37);
INSERT INTO GroupMembers Values(4,38);
INSERT INTO GroupMembers Values(4,39);
INSERT INTO GroupMembers Values(4,40);
INSERT INTO GroupMembers Values(5,41);
INSERT INTO GroupMembers Values(5,42);
INSERT INTO GroupMembers Values(5,43);
INSERT INTO GroupMembers Values(5,44);
INSERT INTO GroupMembers Values(5,45);
INSERT INTO GroupMembers Values(5,46);
INSERT INTO GroupMembers Values(5,47);
INSERT INTO GroupMembers Values(5,48);
INSERT INTO GroupMembers Values(5,49);
INSERT INTO GroupMembers Values(5,50);
INSERT INTO GroupMembers Values(6,51);
INSERT INTO GroupMembers Values(6,52);
INSERT INTO GroupMembers Values(6,53);
INSERT INTO GroupMembers Values(6,54);
INSERT INTO GroupMembers Values(6,55);
INSERT INTO GroupMembers Values(6,56);
INSERT INTO GroupMembers Values(6,57);
INSERT INTO GroupMembers Values(6,58);
INSERT INTO GroupMembers Values(6,59);
INSERT INTO GroupMembers Values(6,60);
INSERT INTO GroupMembers Values(7,61);
INSERT INTO GroupMembers Values(7,62);
INSERT INTO GroupMembers Values(7,63);
INSERT INTO GroupMembers Values(7,64);
INSERT INTO GroupMembers Values(7,65);
INSERT INTO GroupMembers Values(7,66);
INSERT INTO GroupMembers Values(7,67);
INSERT INTO GroupMembers Values(7,68);
INSERT INTO GroupMembers Values(7,69);
INSERT INTO GroupMembers Values(7,70);
INSERT INTO GroupMembers Values(8,71);
INSERT INTO GroupMembers Values(8,72);
INSERT INTO GroupMembers Values(8,73);
INSERT INTO GroupMembers Values(8,74);
INSERT INTO GroupMembers Values(8,75);
INSERT INTO GroupMembers Values(8,76);
INSERT INTO GroupMembers Values(8,77);
INSERT INTO GroupMembers Values(8,78);
INSERT INTO GroupMembers Values(8,79);
INSERT INTO GroupMembers Values(8,80);
INSERT INTO GroupMembers Values(9,81);
INSERT INTO GroupMembers Values(9,82);
INSERT INTO GroupMembers Values(9,83);
INSERT INTO GroupMembers Values(9,84);
INSERT INTO GroupMembers Values(9,85);
INSERT INTO GroupMembers Values(9,86);
INSERT INTO GroupMembers Values(9,87);
INSERT INTO GroupMembers Values(9,88);
INSERT INTO GroupMembers Values(9,89);
INSERT INTO GroupMembers Values(9,90);
INSERT INTO GroupMembers Values(10,91);
INSERT INTO GroupMembers Values(10,92);
INSERT INTO GroupMembers Values(10,93);
INSERT INTO GroupMembers Values(10,94);
INSERT INTO GroupMembers Values(10,95);
INSERT INTO GroupMembers Values(10,96);
INSERT INTO GroupMembers Values(10,97);
INSERT INTO GroupMembers Values(10,98);
INSERT INTO GroupMembers Values(10,99);
INSERT INTO GroupMembers Values(10,100);

INSERT INTO Messages VALUES(151,14,90,'Test','This is a message... blah blah blah', TIMESTAMP '2015-04-17 16:01:39');
INSERT INTO Messages VALUES(152,75,42,'Test','This is a message... blah blah blah', TIMESTAMP '2015-12-12 20:53:43');
INSERT INTO Messages VALUES(153,92,90,'Test','This is a message... blah blah blah', TIMESTAMP '2015-04-10 17:43:58');
INSERT INTO Messages VALUES(154,85,62,'Test','This is a message... blah blah blah', TIMESTAMP '2015-11-16 08:57:54');
INSERT INTO Messages VALUES(155,35,49,'Test','This is a message... blah blah blah', TIMESTAMP '2015-08-18 06:25:25');
INSERT INTO Messages VALUES(156,28,86,'Test','This is a message... blah blah blah', TIMESTAMP '2015-03-15 00:51:04');
INSERT INTO Messages VALUES(157,28,25,'Test','This is a message... blah blah blah', TIMESTAMP '2015-03-07 09:53:22');
INSERT INTO Messages VALUES(158,84,19,'Test','This is a message... blah blah blah', TIMESTAMP '2015-02-24 04:43:53');
INSERT INTO Messages VALUES(159,93,59,'Test','This is a message... blah blah blah', TIMESTAMP '2015-05-12 00:04:48');
INSERT INTO Messages VALUES(160,70,17,'Test','This is a message... blah blah blah', TIMESTAMP '2015-07-06 01:47:42');
INSERT INTO Messages VALUES(161,9,23,'Test','This is a message... blah blah blah', TIMESTAMP '2015-07-01 06:35:13');
INSERT INTO Messages VALUES(162,58,27,'Test','This is a message... blah blah blah', TIMESTAMP '2015-03-13 00:34:14');
INSERT INTO Messages VALUES(163,12,47,'Test','This is a message... blah blah blah', TIMESTAMP '2015-06-16 00:48:56');
INSERT INTO Messages VALUES(164,90,75,'Test','This is a message... blah blah blah', TIMESTAMP '2015-04-03 20:51:20');
INSERT INTO Messages VALUES(165,76,12,'Test','This is a message... blah blah blah', TIMESTAMP '2015-08-11 20:03:16');
INSERT INTO Messages VALUES(166,54,37,'Test','This is a message... blah blah blah', TIMESTAMP '2015-05-07 09:26:24');
INSERT INTO Messages VALUES(167,69,57,'Test','This is a message... blah blah blah', TIMESTAMP '2015-08-28 15:57:36');
INSERT INTO Messages VALUES(168,99,84,'Test','This is a message... blah blah blah', TIMESTAMP '2015-07-22 19:56:41');
INSERT INTO Messages VALUES(169,31,35,'Test','This is a message... blah blah blah', TIMESTAMP '2015-03-16 02:24:04');
INSERT INTO Messages VALUES(170,3,76,'Test','This is a message... blah blah blah', TIMESTAMP '2015-10-08 01:25:20');
INSERT INTO Messages VALUES(171,31,31,'Test','This is a message... blah blah blah', TIMESTAMP '2015-03-19 04:19:07');
INSERT INTO Messages VALUES(172,80,15,'Test','This is a message... blah blah blah', TIMESTAMP '2015-11-21 23:31:12');
INSERT INTO Messages VALUES(173,32,78,'Test','This is a message... blah blah blah', TIMESTAMP '2015-07-02 23:35:54');
INSERT INTO Messages VALUES(174,56,41,'Test','This is a message... blah blah blah', TIMESTAMP '2015-02-23 17:28:27');
INSERT INTO Messages VALUES(175,5,36,'Test','This is a message... blah blah blah', TIMESTAMP '2015-10-15 08:27:57');
INSERT INTO Messages VALUES(176,55,43,'Test','This is a message... blah blah blah', TIMESTAMP '2015-03-24 03:00:00');
INSERT INTO Messages VALUES(177,65,11,'Test','This is a message... blah blah blah', TIMESTAMP '2015-03-08 06:08:17');
INSERT INTO Messages VALUES(178,13,59,'Test','This is a message... blah blah blah', TIMESTAMP '2015-11-20 17:44:48');
INSERT INTO Messages VALUES(179,70,85,'Test','This is a message... blah blah blah', TIMESTAMP '2015-01-13 15:23:32');
INSERT INTO Messages VALUES(180,15,5,'Test','This is a message... blah blah blah', TIMESTAMP '2015-06-01 07:47:35');
INSERT INTO Messages VALUES(181,5,27,'Test','This is a message... blah blah blah', TIMESTAMP '2015-02-22 16:19:58');
INSERT INTO Messages VALUES(182,66,91,'Test','This is a message... blah blah blah', TIMESTAMP '2015-12-21 22:26:45');
INSERT INTO Messages VALUES(183,74,45,'Test','This is a message... blah blah blah', TIMESTAMP '2015-07-25 10:50:02');
INSERT INTO Messages VALUES(184,91,96,'Test','This is a message... blah blah blah', TIMESTAMP '2015-10-15 13:31:55');
INSERT INTO Messages VALUES(185,52,21,'Test','This is a message... blah blah blah', TIMESTAMP '2015-11-21 16:57:26');
INSERT INTO Messages VALUES(186,32,50,'Test','This is a message... blah blah blah', TIMESTAMP '2015-03-14 16:15:38');
INSERT INTO Messages VALUES(187,32,68,'Test','This is a message... blah blah blah', TIMESTAMP '2015-01-20 07:20:26');
INSERT INTO Messages VALUES(188,35,92,'Test','This is a message... blah blah blah', TIMESTAMP '2015-01-24 11:34:45');
INSERT INTO Messages VALUES(189,52,15,'Test','This is a message... blah blah blah', TIMESTAMP '2015-05-28 01:31:17');
INSERT INTO Messages VALUES(190,57,2,'Test','This is a message... blah blah blah', TIMESTAMP '2015-04-11 14:51:15');
INSERT INTO Messages VALUES(191,100,80,'Test','This is a message... blah blah blah', TIMESTAMP '2015-11-03 02:14:43');
INSERT INTO Messages VALUES(192,88,20,'Test','This is a message... blah blah blah', TIMESTAMP '2015-02-01 13:27:42');
INSERT INTO Messages VALUES(193,95,53,'Test','This is a message... blah blah blah', TIMESTAMP '2015-07-13 03:02:11');
INSERT INTO Messages VALUES(194,75,100,'Test','This is a message... blah blah blah', TIMESTAMP '2015-07-23 15:41:20');
INSERT INTO Messages VALUES(195,59,76,'Test','This is a message... blah blah blah', TIMESTAMP '2015-10-27 14:18:13');
INSERT INTO Messages VALUES(196,60,11,'Test','This is a message... blah blah blah', TIMESTAMP '2015-04-25 06:19:35');
INSERT INTO Messages VALUES(197,22,67,'Test','This is a message... blah blah blah', TIMESTAMP '2015-12-21 20:01:36');
INSERT INTO Messages VALUES(198,85,51,'Test','This is a message... blah blah blah', TIMESTAMP '2015-09-21 07:48:34');
INSERT INTO Messages VALUES(199,99,75,'Test','This is a message... blah blah blah', TIMESTAMP '2015-03-14 20:14:08');
INSERT INTO Messages VALUES(200,23,93,'Test','This is a message... blah blah blah', TIMESTAMP '2015-02-14 11:26:44');
INSERT INTO Messages VALUES(201,95,29,'Test','This is a message... blah blah blah', TIMESTAMP '2015-05-07 11:20:37');
INSERT INTO Messages VALUES(202,18,5,'Test','This is a message... blah blah blah', TIMESTAMP '2015-03-24 03:25:08');
INSERT INTO Messages VALUES(203,89,93,'Test','This is a message... blah blah blah', TIMESTAMP '2015-09-28 21:27:31');
INSERT INTO Messages VALUES(204,26,47,'Test','This is a message... blah blah blah', TIMESTAMP '2015-12-16 05:38:56');
INSERT INTO Messages VALUES(205,79,50,'Test','This is a message... blah blah blah', TIMESTAMP '2015-04-16 06:21:21');
INSERT INTO Messages VALUES(206,68,32,'Test','This is a message... blah blah blah', TIMESTAMP '2015-12-01 02:27:59');
INSERT INTO Messages VALUES(207,74,1,'Test','This is a message... blah blah blah', TIMESTAMP '2015-07-24 10:38:49');
INSERT INTO Messages VALUES(208,6,27,'Test','This is a message... blah blah blah', TIMESTAMP '2015-01-04 09:15:13');
INSERT INTO Messages VALUES(209,60,54,'Test','This is a message... blah blah blah', TIMESTAMP '2015-05-17 05:34:31');
INSERT INTO Messages VALUES(210,57,41,'Test','This is a message... blah blah blah', TIMESTAMP '2015-06-25 00:37:36');
INSERT INTO Messages VALUES(211,73,63,'Test','This is a message... blah blah blah', TIMESTAMP '2015-10-01 16:39:42');
INSERT INTO Messages VALUES(212,5,99,'Test','This is a message... blah blah blah', TIMESTAMP '2015-05-21 04:23:07');
INSERT INTO Messages VALUES(213,85,85,'Test','This is a message... blah blah blah', TIMESTAMP '2015-09-25 23:23:30');
INSERT INTO Messages VALUES(214,12,61,'Test','This is a message... blah blah blah', TIMESTAMP '2015-01-09 01:35:56');
INSERT INTO Messages VALUES(215,76,4,'Test','This is a message... blah blah blah', TIMESTAMP '2015-10-07 10:02:49');
INSERT INTO Messages VALUES(216,34,26,'Test','This is a message... blah blah blah', TIMESTAMP '2015-01-07 08:29:56');
INSERT INTO Messages VALUES(217,45,1,'Test','This is a message... blah blah blah', TIMESTAMP '2015-03-03 01:22:47');
INSERT INTO Messages VALUES(218,35,9,'Test','This is a message... blah blah blah', TIMESTAMP '2015-05-20 15:56:14');
INSERT INTO Messages VALUES(219,42,85,'Test','This is a message... blah blah blah', TIMESTAMP '2015-08-15 23:03:15');
INSERT INTO Messages VALUES(220,71,6,'Test','This is a message... blah blah blah', TIMESTAMP '2015-07-28 14:56:08');
INSERT INTO Messages VALUES(221,49,15,'Test','This is a message... blah blah blah', TIMESTAMP '2015-03-04 06:49:40');
INSERT INTO Messages VALUES(222,45,7,'Test','This is a message... blah blah blah', TIMESTAMP '2015-09-15 17:37:18');
INSERT INTO Messages VALUES(223,61,36,'Test','This is a message... blah blah blah', TIMESTAMP '2015-07-10 19:09:49');
INSERT INTO Messages VALUES(224,60,41,'Test','This is a message... blah blah blah', TIMESTAMP '2015-05-25 15:13:05');
INSERT INTO Messages VALUES(225,45,63,'Test','This is a message... blah blah blah', TIMESTAMP '2015-10-22 01:23:33');
INSERT INTO Messages VALUES(226,57,66,'Test','This is a message... blah blah blah', TIMESTAMP '2015-04-13 09:14:21');
INSERT INTO Messages VALUES(227,74,75,'Test','This is a message... blah blah blah', TIMESTAMP '2015-04-27 17:23:16');
INSERT INTO Messages VALUES(228,93,97,'Test','This is a message... blah blah blah', TIMESTAMP '2015-07-10 11:09:51');
INSERT INTO Messages VALUES(229,67,6,'Test','This is a message... blah blah blah', TIMESTAMP '2015-11-14 00:59:35');
INSERT INTO Messages VALUES(230,86,19,'Test','This is a message... blah blah blah', TIMESTAMP '2015-06-03 17:47:57');
INSERT INTO Messages VALUES(231,69,63,'Test','This is a message... blah blah blah', TIMESTAMP '2015-08-23 06:20:17');
INSERT INTO Messages VALUES(232,9,99,'Test','This is a message... blah blah blah', TIMESTAMP '2015-05-24 12:39:57');
INSERT INTO Messages VALUES(233,75,22,'Test','This is a message... blah blah blah', TIMESTAMP '2015-05-19 10:37:53');
INSERT INTO Messages VALUES(234,32,83,'Test','This is a message... blah blah blah', TIMESTAMP '2015-12-04 11:09:55');
INSERT INTO Messages VALUES(235,83,88,'Test','This is a message... blah blah blah', TIMESTAMP '2015-05-06 10:01:40');
INSERT INTO Messages VALUES(236,43,44,'Test','This is a message... blah blah blah', TIMESTAMP '2015-01-05 07:35:48');
INSERT INTO Messages VALUES(237,97,85,'Test','This is a message... blah blah blah', TIMESTAMP '2015-02-15 17:59:43');
INSERT INTO Messages VALUES(238,80,18,'Test','This is a message... blah blah blah', TIMESTAMP '2015-11-14 18:47:27');
INSERT INTO Messages VALUES(239,74,96,'Test','This is a message... blah blah blah', TIMESTAMP '2015-05-11 00:05:29');
INSERT INTO Messages VALUES(240,74,12,'Test','This is a message... blah blah blah', TIMESTAMP '2015-09-18 17:19:42');
INSERT INTO Messages VALUES(241,84,74,'Test','This is a message... blah blah blah', TIMESTAMP '2015-08-10 17:12:43');
INSERT INTO Messages VALUES(242,96,58,'Test','This is a message... blah blah blah', TIMESTAMP '2015-04-04 08:01:41');
INSERT INTO Messages VALUES(243,67,89,'Test','This is a message... blah blah blah', TIMESTAMP '2015-03-25 05:33:17');
INSERT INTO Messages VALUES(244,5,17,'Test','This is a message... blah blah blah', TIMESTAMP '2015-01-18 10:31:38');
INSERT INTO Messages VALUES(245,43,21,'Test','This is a message... blah blah blah', TIMESTAMP '2015-04-06 07:53:47');
INSERT INTO Messages VALUES(246,98,13,'Test','This is a message... blah blah blah', TIMESTAMP '2015-06-15 21:59:58');
INSERT INTO Messages VALUES(247,52,80,'Test','This is a message... blah blah blah', TIMESTAMP '2015-01-14 13:49:24');
INSERT INTO Messages VALUES(248,85,47,'Test','This is a message... blah blah blah', TIMESTAMP '2015-06-15 17:59:40');
INSERT INTO Messages VALUES(249,50,62,'Test','This is a message... blah blah blah', TIMESTAMP '2015-02-12 07:26:41');
INSERT INTO Messages VALUES(250,59,41,'Test','This is a message... blah blah blah', TIMESTAMP '2015-07-12 18:52:58');
INSERT INTO Messages VALUES(251,18,20,'Test','This is a message... blah blah blah', TIMESTAMP '2015-03-21 17:19:28');
INSERT INTO Messages VALUES(252,63,98,'Test','This is a message... blah blah blah', TIMESTAMP '2015-12-01 04:18:28');
INSERT INTO Messages VALUES(253,58,17,'Test','This is a message... blah blah blah', TIMESTAMP '2015-12-06 13:44:11');
INSERT INTO Messages VALUES(254,88,17,'Test','This is a message... blah blah blah', TIMESTAMP '2015-01-08 09:05:10');
INSERT INTO Messages VALUES(255,96,48,'Test','This is a message... blah blah blah', TIMESTAMP '2015-01-01 05:35:27');
INSERT INTO Messages VALUES(256,98,8,'Test','This is a message... blah blah blah', TIMESTAMP '2015-06-27 09:42:52');
INSERT INTO Messages VALUES(257,52,13,'Test','This is a message... blah blah blah', TIMESTAMP '2015-08-25 04:37:58');
INSERT INTO Messages VALUES(258,15,85,'Test','This is a message... blah blah blah', TIMESTAMP '2015-01-20 02:57:25');
INSERT INTO Messages VALUES(259,58,42,'Test','This is a message... blah blah blah', TIMESTAMP '2015-11-28 06:21:06');
INSERT INTO Messages VALUES(260,11,54,'Test','This is a message... blah blah blah', TIMESTAMP '2015-11-22 13:26:43');
INSERT INTO Messages VALUES(261,60,98,'Test','This is a message... blah blah blah', TIMESTAMP '2015-09-02 20:03:30');
INSERT INTO Messages VALUES(262,32,71,'Test','This is a message... blah blah blah', TIMESTAMP '2015-02-01 19:42:29');
INSERT INTO Messages VALUES(263,39,42,'Test','This is a message... blah blah blah', TIMESTAMP '2015-07-22 09:15:36');
INSERT INTO Messages VALUES(264,40,74,'Test','This is a message... blah blah blah', TIMESTAMP '2015-07-09 08:09:40');
INSERT INTO Messages VALUES(265,98,81,'Test','This is a message... blah blah blah', TIMESTAMP '2015-07-15 22:43:36');
INSERT INTO Messages VALUES(266,14,81,'Test','This is a message... blah blah blah', TIMESTAMP '2015-12-07 20:38:23');
INSERT INTO Messages VALUES(267,68,27,'Test','This is a message... blah blah blah', TIMESTAMP '2015-09-08 23:02:39');
INSERT INTO Messages VALUES(268,2,98,'Test','This is a message... blah blah blah', TIMESTAMP '2015-08-20 20:48:56');
INSERT INTO Messages VALUES(269,81,28,'Test','This is a message... blah blah blah', TIMESTAMP '2015-10-05 18:46:22');
INSERT INTO Messages VALUES(270,96,59,'Test','This is a message... blah blah blah', TIMESTAMP '2015-11-14 13:30:31');
INSERT INTO Messages VALUES(271,34,40,'Test','This is a message... blah blah blah', TIMESTAMP '2015-03-09 21:17:18');
INSERT INTO Messages VALUES(272,46,37,'Test','This is a message... blah blah blah', TIMESTAMP '2015-12-05 16:12:32');
INSERT INTO Messages VALUES(273,35,84,'Test','This is a message... blah blah blah', TIMESTAMP '2015-08-02 01:54:21');
INSERT INTO Messages VALUES(274,40,14,'Test','This is a message... blah blah blah', TIMESTAMP '2015-04-13 21:57:34');
INSERT INTO Messages VALUES(275,68,21,'Test','This is a message... blah blah blah', TIMESTAMP '2015-08-11 09:36:49');
INSERT INTO Messages VALUES(276,88,83,'Test','This is a message... blah blah blah', TIMESTAMP '2015-05-20 05:39:43');
INSERT INTO Messages VALUES(277,66,64,'Test','This is a message... blah blah blah', TIMESTAMP '2015-12-04 22:52:14');
INSERT INTO Messages VALUES(278,32,36,'Test','This is a message... blah blah blah', TIMESTAMP '2015-07-27 00:17:06');
INSERT INTO Messages VALUES(279,43,89,'Test','This is a message... blah blah blah', TIMESTAMP '2015-10-17 23:20:31');
INSERT INTO Messages VALUES(280,95,36,'Test','This is a message... blah blah blah', TIMESTAMP '2015-05-20 04:04:01');
INSERT INTO Messages VALUES(281,49,82,'Test','This is a message... blah blah blah', TIMESTAMP '2015-10-11 14:17:00');
INSERT INTO Messages VALUES(282,49,27,'Test','This is a message... blah blah blah', TIMESTAMP '2015-04-21 05:45:54');
INSERT INTO Messages VALUES(283,32,97,'Test','This is a message... blah blah blah', TIMESTAMP '2015-08-06 01:08:52');
INSERT INTO Messages VALUES(284,97,48,'Test','This is a message... blah blah blah', TIMESTAMP '2015-04-14 01:27:45');
INSERT INTO Messages VALUES(285,93,29,'Test','This is a message... blah blah blah', TIMESTAMP '2015-02-11 00:51:14');
INSERT INTO Messages VALUES(286,77,88,'Test','This is a message... blah blah blah', TIMESTAMP '2015-12-06 10:51:08');
INSERT INTO Messages VALUES(287,43,80,'Test','This is a message... blah blah blah', TIMESTAMP '2015-06-28 13:51:23');
INSERT INTO Messages VALUES(288,47,26,'Test','This is a message... blah blah blah', TIMESTAMP '2015-07-26 08:30:25');
INSERT INTO Messages VALUES(289,6,49,'Test','This is a message... blah blah blah', TIMESTAMP '2015-05-02 07:26:20');
INSERT INTO Messages VALUES(290,16,25,'Test','This is a message... blah blah blah', TIMESTAMP '2015-06-11 22:41:59');
INSERT INTO Messages VALUES(291,58,35,'Test','This is a message... blah blah blah', TIMESTAMP '2015-05-03 08:10:18');
INSERT INTO Messages VALUES(292,16,91,'Test','This is a message... blah blah blah', TIMESTAMP '2015-06-17 11:09:16');
INSERT INTO Messages VALUES(293,25,55,'Test','This is a message... blah blah blah', TIMESTAMP '2015-02-01 04:20:59');
INSERT INTO Messages VALUES(294,52,35,'Test','This is a message... blah blah blah', TIMESTAMP '2015-07-02 10:43:21');
INSERT INTO Messages VALUES(295,1,67,'Test','This is a message... blah blah blah', TIMESTAMP '2015-07-17 09:48:06');
INSERT INTO Messages VALUES(296,76,35,'Test','This is a message... blah blah blah', TIMESTAMP '2015-01-01 13:56:17');
INSERT INTO Messages VALUES(297,95,91,'Test','This is a message... blah blah blah', TIMESTAMP '2015-07-05 08:38:46');
INSERT INTO Messages VALUES(298,47,63,'Test','This is a message... blah blah blah', TIMESTAMP '2015-04-05 03:12:29');
INSERT INTO Messages VALUES(299,50,90,'Test','This is a message... blah blah blah', TIMESTAMP '2015-11-02 17:38:35');
INSERT INTO Messages VALUES(300,68,53,'Test','This is a message... blah blah blah', TIMESTAMP '2015-08-05 13:19:15');

