--Nick DeFranco & Peter Schaldenbrand
--CS 1555 Database Management Project
purge recyclebin;

DROP TABLE Profiles CASCADE CONSTRAINTS;
DROP TABLE Friendships CASCADE CONSTRAINTS;
DROP TABLE Groups CASCADE CONSTRAINTS;
DROP TABLE GroupMembers CASCADE CONSTRAINTS;
DROP TABLE Messages CASCADE CONSTRAINTS;

CREATE TABLE Profiles
(   userID  number(10) PRIMARY KEY,
    fname   varchar2(10),
    lname   varchar2(32),
    email   varchar2(42),
    dob    	DATE,
    last_login TIMESTAMP
);

CREATE TABLE Friendships
(	userId1 number(10),
	userId2	number(10),
	status	number(1),
	date_sent	DATE,
	CONSTRAINT Friendships_PK PRIMARY KEY (userId1,userId2),
	CONSTRAINT Friendships_FK_Profiles1 FOREIGN KEY (userId1) REFERENCES Profiles(userID),
	CONSTRAINT Friendships_FK_Profiles2 FOREIGN KEY (userId2) REFERENCES Profiles(userID),
	CONSTRAINT Check_SameUser CHECK (userId1 != userId2)
);
--Status: 0 = pending, 1 = established

CREATE TABLE Groups
(	groupId	number(10) PRIMARY KEY,
	gname	varchar2(32),
	description	varchar2(140),
	members	number(4),
	memlimit number(4),
	CONSTRAINT Check_Members CHECK (members <= memlimit)
);

CREATE TABLE GroupMembers
(	groupId	number(10),
	userId	number(10),
	CONSTRAINT GroupMembers_FK_Groups FOREIGN KEY (groupId) REFERENCES Groups(groupId),
	CONSTRAINT GroupMembers_FK_Profiles FOREIGN KEY (userId) REFERENCES Profiles(userID)
);

CREATE TABLE Messages
(	msgId	number(10) PRIMARY KEY,
	sender	number(10),
	receiver	number(10),
	subject	varchar2(32),
	body	varchar2(100),
	sent_date	TIMESTAMP,
	CONSTRAINT Messages_FK_ProfilesS FOREIGN KEY (sender) REFERENCES Profiles(userID),
	CONSTRAINT Messages_FK_ProfilesR FOREIGN KEY (receiver) REFERENCES Profiles(userID)
);

INSERT INTO Profiles VALUES(1, 'Ada', 'Lovelace', 'ada1@gmail.com', TO_DATE('1990-01-03','YYYY-MM-DD'),  TIMESTAMP '2016-03-29 14:24:51');
INSERT INTO Profiles VALUES(2, 'Na', 'Li','na2@gmail.com', TO_DATE('1993-08-21','YYYY-MM-DD'), TIMESTAMP '2016-04-13 05:21:02');
INSERT INTO Profiles VALUES(3, 'Francis', 'Lefebvre', 'francis3@gmail.com', TO_DATE('1994-09-01','YYYY-MM-DD'), TIMESTAMP '2015-12-26 01:51:28'); 
INSERT INTO Profiles VALUES(4, 'Amanda', 'Carlevaro', 'amanda4@gmail.com', TO_DATE('1991-12-25','YYYY-MM-DD'), TIMESTAMP '2016-02-29 19:12:07'); 
INSERT INTO Profiles VALUES(5, 'Ethan', 'Lee', 'ethan5@gmail.com', TO_DATE('1995-08-09','YYYY-MM-DD'), TIMESTAMP '2016-03-19 12:34:48'); 
INSERT INTO Profiles VALUES(6, 'Zina', 'Mkizungo', 'zina6@gmail.com', TO_DATE('1990-08-13','YYYY-MM-DD'), TIMESTAMP '2014-06-28 17:55:23');
INSERT INTO Profiles VALUES(7, 'Ada', 'Lovelace', 'ada1@gmail.com', TO_DATE('1990-01-03','YYYY-MM-DD'),  TIMESTAMP '2016-03-29 14:24:51');
INSERT INTO Profiles VALUES(8, 'Na', 'Li','na2@gmail.com', TO_DATE('1993-08-21','YYYY-MM-DD'), TIMESTAMP '2016-04-13 05:21:02');
INSERT INTO Profiles VALUES(9, 'Francis', 'Lefebvre', 'francis3@gmail.com', TO_DATE('1994-09-01','YYYY-MM-DD'), TIMESTAMP '2015-12-26 01:51:28'); 
INSERT INTO Profiles VALUES(10, 'Amanda', 'Carlevaro', 'amanda4@gmail.com', TO_DATE('1991-12-25','YYYY-MM-DD'), TIMESTAMP '2016-02-29 19:12:07'); 
INSERT INTO Profiles VALUES(11, 'Ethan', 'Lee', 'ethan5@gmail.com', TO_DATE('1995-08-09','YYYY-MM-DD'), TIMESTAMP '2016-03-19 12:34:48'); 
INSERT INTO Profiles VALUES(12, 'Zina', 'Mkizungo', 'zina6@gmail.com', TO_DATE('1990-08-13','YYYY-MM-DD'), TIMESTAMP '2014-06-28 17:55:23');
INSERT INTO Profiles VALUES(13, 'Ada', 'Lovelace', 'ada1@gmail.com', TO_DATE('1990-01-03','YYYY-MM-DD'),  TIMESTAMP '2016-03-29 14:24:51');
INSERT INTO Profiles VALUES(14, 'Na', 'Li','na2@gmail.com', TO_DATE('1993-08-21','YYYY-MM-DD'), TIMESTAMP '2016-04-13 05:21:02');
INSERT INTO Profiles VALUES(15, 'Francis', 'Lefebvre', 'francis3@gmail.com', TO_DATE('1994-09-01','YYYY-MM-DD'), TIMESTAMP '2015-12-26 01:51:28'); 
INSERT INTO Profiles VALUES(16, 'Amanda', 'Carlevaro', 'amanda4@gmail.com', TO_DATE('1991-12-25','YYYY-MM-DD'), TIMESTAMP '2016-02-29 19:12:07'); 
INSERT INTO Profiles VALUES(17, 'Ethan', 'Lee', 'ethan5@gmail.com', TO_DATE('1995-08-09','YYYY-MM-DD'), TIMESTAMP '2016-03-19 12:34:48'); 
INSERT INTO Profiles VALUES(18, 'Zina', 'Mkizungo', 'zina6@gmail.com', TO_DATE('1990-08-13','YYYY-MM-DD'), TIMESTAMP '2014-06-28 17:55:23');
INSERT INTO Profiles VALUES(19, 'Ada', 'Lovelace', 'ada1@gmail.com', TO_DATE('1990-01-03','YYYY-MM-DD'),  TIMESTAMP '2016-03-29 14:24:51');
INSERT INTO Profiles VALUES(20, 'Na', 'Li','na2@gmail.com', TO_DATE('1993-08-21','YYYY-MM-DD'), TIMESTAMP '2016-04-13 05:21:02');
INSERT INTO Profiles VALUES(21, 'Francis', 'Lefebvre', 'francis3@gmail.com', TO_DATE('1994-09-01','YYYY-MM-DD'), TIMESTAMP '2015-12-26 01:51:28'); 
INSERT INTO Profiles VALUES(22, 'Amanda', 'Carlevaro', 'amanda4@gmail.com', TO_DATE('1991-12-25','YYYY-MM-DD'), TIMESTAMP '2016-02-29 19:12:07'); 
INSERT INTO Profiles VALUES(23, 'Ethan', 'Lee', 'ethan5@gmail.com', TO_DATE('1995-08-09','YYYY-MM-DD'), TIMESTAMP '2016-03-19 12:34:48'); 
INSERT INTO Profiles VALUES(24, 'Zina', 'Mkizungo', 'zina6@gmail.com', TO_DATE('1990-08-13','YYYY-MM-DD'), TIMESTAMP '2014-06-28 17:55:23');
INSERT INTO Profiles VALUES(25, 'Ada', 'Lovelace', 'ada1@gmail.com', TO_DATE('1990-01-03','YYYY-MM-DD'),  TIMESTAMP '2016-03-29 14:24:51');
INSERT INTO Profiles VALUES(26, 'Na', 'Li','na2@gmail.com', TO_DATE('1993-08-21','YYYY-MM-DD'), TIMESTAMP '2016-04-13 05:21:02');
INSERT INTO Profiles VALUES(27, 'Francis', 'Lefebvre', 'francis3@gmail.com', TO_DATE('1994-09-01','YYYY-MM-DD'), TIMESTAMP '2015-12-26 01:51:28'); 
INSERT INTO Profiles VALUES(28, 'Amanda', 'Carlevaro', 'amanda4@gmail.com', TO_DATE('1991-12-25','YYYY-MM-DD'), TIMESTAMP '2016-02-29 19:12:07'); 
INSERT INTO Profiles VALUES(29, 'Ethan', 'Lee', 'ethan5@gmail.com', TO_DATE('1995-08-09','YYYY-MM-DD'), TIMESTAMP '2016-03-19 12:34:48'); 
INSERT INTO Profiles VALUES(30, 'Zina', 'Mkizungo', 'zina6@gmail.com', TO_DATE('1990-08-13','YYYY-MM-DD'), TIMESTAMP '2014-06-28 17:55:23');
INSERT INTO Profiles VALUES(31, 'Ada', 'Lovelace', 'ada1@gmail.com', TO_DATE('1990-01-03','YYYY-MM-DD'),  TIMESTAMP '2016-03-29 14:24:51');
INSERT INTO Profiles VALUES(32, 'Na', 'Li','na2@gmail.com', TO_DATE('1993-08-21','YYYY-MM-DD'), TIMESTAMP '2016-04-13 05:21:02');
INSERT INTO Profiles VALUES(33, 'Francis', 'Lefebvre', 'francis3@gmail.com', TO_DATE('1994-09-01','YYYY-MM-DD'), TIMESTAMP '2015-12-26 01:51:28'); 
INSERT INTO Profiles VALUES(34, 'Amanda', 'Carlevaro', 'amanda4@gmail.com', TO_DATE('1991-12-25','YYYY-MM-DD'), TIMESTAMP '2016-02-29 19:12:07'); 
INSERT INTO Profiles VALUES(35, 'Ethan', 'Lee', 'ethan5@gmail.com', TO_DATE('1995-08-09','YYYY-MM-DD'), TIMESTAMP '2016-03-19 12:34:48'); 
INSERT INTO Profiles VALUES(36, 'Zina', 'Mkizungo', 'zina6@gmail.com', TO_DATE('1990-08-13','YYYY-MM-DD'), TIMESTAMP '2014-06-28 17:55:23');
INSERT INTO Profiles VALUES(37, 'Ada', 'Lovelace', 'ada1@gmail.com', TO_DATE('1990-01-03','YYYY-MM-DD'),  TIMESTAMP '2016-03-29 14:24:51');
INSERT INTO Profiles VALUES(38, 'Na', 'Li','na2@gmail.com', TO_DATE('1993-08-21','YYYY-MM-DD'), TIMESTAMP '2016-04-13 05:21:02');
INSERT INTO Profiles VALUES(39, 'Francis', 'Lefebvre', 'francis3@gmail.com', TO_DATE('1994-09-01','YYYY-MM-DD'), TIMESTAMP '2015-12-26 01:51:28'); 
INSERT INTO Profiles VALUES(40, 'Amanda', 'Carlevaro', 'amanda4@gmail.com', TO_DATE('1991-12-25','YYYY-MM-DD'), TIMESTAMP '2016-02-29 19:12:07'); 
INSERT INTO Profiles VALUES(41, 'Ethan', 'Lee', 'ethan5@gmail.com', TO_DATE('1995-08-09','YYYY-MM-DD'), TIMESTAMP '2016-03-19 12:34:48'); 
INSERT INTO Profiles VALUES(42, 'Zina', 'Mkizungo', 'zina6@gmail.com', TO_DATE('1990-08-13','YYYY-MM-DD'), TIMESTAMP '2014-06-28 17:55:23');
INSERT INTO Profiles VALUES(43, 'Ada', 'Lovelace', 'ada1@gmail.com', TO_DATE('1990-01-03','YYYY-MM-DD'),  TIMESTAMP '2016-03-29 14:24:51');
INSERT INTO Profiles VALUES(44, 'Na', 'Li','na2@gmail.com', TO_DATE('1993-08-21','YYYY-MM-DD'), TIMESTAMP '2016-04-13 05:21:02');
INSERT INTO Profiles VALUES(45, 'Francis', 'Lefebvre', 'francis3@gmail.com', TO_DATE('1994-09-01','YYYY-MM-DD'), TIMESTAMP '2015-12-26 01:51:28'); 
INSERT INTO Profiles VALUES(46, 'Amanda', 'Carlevaro', 'amanda4@gmail.com', TO_DATE('1991-12-25','YYYY-MM-DD'), TIMESTAMP '2016-02-29 19:12:07'); 
INSERT INTO Profiles VALUES(47, 'Ethan', 'Lee', 'ethan5@gmail.com', TO_DATE('1995-08-09','YYYY-MM-DD'), TIMESTAMP '2016-03-19 12:34:48'); 
INSERT INTO Profiles VALUES(48, 'Zina', 'Mkizungo', 'zina6@gmail.com', TO_DATE('1990-08-13','YYYY-MM-DD'), TIMESTAMP '2014-06-28 17:55:23');
INSERT INTO Profiles VALUES(49, 'Ada', 'Lovelace', 'ada1@gmail.com', TO_DATE('1990-01-03','YYYY-MM-DD'),  TIMESTAMP '2016-03-29 14:24:51');
INSERT INTO Profiles VALUES(50, 'Na', 'Li','na2@gmail.com', TO_DATE('1993-08-21','YYYY-MM-DD'), TIMESTAMP '2016-04-13 05:21:02');
INSERT INTO Profiles VALUES(51, 'Francis', 'Lefebvre', 'francis3@gmail.com', TO_DATE('1994-09-01','YYYY-MM-DD'), TIMESTAMP '2015-12-26 01:51:28'); 
INSERT INTO Profiles VALUES(52, 'Amanda', 'Carlevaro', 'amanda4@gmail.com', TO_DATE('1991-12-25','YYYY-MM-DD'), TIMESTAMP '2016-02-29 19:12:07'); 
INSERT INTO Profiles VALUES(53, 'Ethan', 'Lee', 'ethan5@gmail.com', TO_DATE('1995-08-09','YYYY-MM-DD'), TIMESTAMP '2016-03-19 12:34:48'); 
INSERT INTO Profiles VALUES(54, 'Zina', 'Mkizungo', 'zina6@gmail.com', TO_DATE('1990-08-13','YYYY-MM-DD'), TIMESTAMP '2014-06-28 17:55:23');
INSERT INTO Profiles VALUES(55, 'Ada', 'Lovelace', 'ada1@gmail.com', TO_DATE('1990-01-03','YYYY-MM-DD'),  TIMESTAMP '2016-03-29 14:24:51');
INSERT INTO Profiles VALUES(56, 'Na', 'Li','na2@gmail.com', TO_DATE('1993-08-21','YYYY-MM-DD'), TIMESTAMP '2016-04-13 05:21:02');
INSERT INTO Profiles VALUES(57, 'Francis', 'Lefebvre', 'francis3@gmail.com', TO_DATE('1994-09-01','YYYY-MM-DD'), TIMESTAMP '2015-12-26 01:51:28'); 
INSERT INTO Profiles VALUES(58, 'Amanda', 'Carlevaro', 'amanda4@gmail.com', TO_DATE('1991-12-25','YYYY-MM-DD'), TIMESTAMP '2016-02-29 19:12:07'); 
INSERT INTO Profiles VALUES(59, 'Ethan', 'Lee', 'ethan5@gmail.com', TO_DATE('1995-08-09','YYYY-MM-DD'), TIMESTAMP '2016-03-19 12:34:48'); 
INSERT INTO Profiles VALUES(60, 'Zina', 'Mkizungo', 'zina6@gmail.com', TO_DATE('1990-08-13','YYYY-MM-DD'), TIMESTAMP '2014-06-28 17:55:23');
INSERT INTO Profiles VALUES(61, 'Ada', 'Lovelace', 'ada1@gmail.com', TO_DATE('1990-01-03','YYYY-MM-DD'),  TIMESTAMP '2016-03-29 14:24:51');
INSERT INTO Profiles VALUES(62, 'Na', 'Li','na2@gmail.com', TO_DATE('1993-08-21','YYYY-MM-DD'), TIMESTAMP '2016-04-13 05:21:02');
INSERT INTO Profiles VALUES(63, 'Francis', 'Lefebvre', 'francis3@gmail.com', TO_DATE('1994-09-01','YYYY-MM-DD'), TIMESTAMP '2015-12-26 01:51:28'); 
INSERT INTO Profiles VALUES(64, 'Amanda', 'Carlevaro', 'amanda4@gmail.com', TO_DATE('1991-12-25','YYYY-MM-DD'), TIMESTAMP '2016-02-29 19:12:07'); 
INSERT INTO Profiles VALUES(65, 'Ethan', 'Lee', 'ethan5@gmail.com', TO_DATE('1995-08-09','YYYY-MM-DD'), TIMESTAMP '2016-03-19 12:34:48'); 
INSERT INTO Profiles VALUES(66, 'Zina', 'Mkizungo', 'zina6@gmail.com', TO_DATE('1990-08-13','YYYY-MM-DD'), TIMESTAMP '2014-06-28 17:55:23');
INSERT INTO Profiles VALUES(67, 'Ada', 'Lovelace', 'ada1@gmail.com', TO_DATE('1990-01-03','YYYY-MM-DD'),  TIMESTAMP '2016-03-29 14:24:51');
INSERT INTO Profiles VALUES(68, 'Na', 'Li','na2@gmail.com', TO_DATE('1993-08-21','YYYY-MM-DD'), TIMESTAMP '2016-04-13 05:21:02');
INSERT INTO Profiles VALUES(69, 'Francis', 'Lefebvre', 'francis3@gmail.com', TO_DATE('1994-09-01','YYYY-MM-DD'), TIMESTAMP '2015-12-26 01:51:28'); 
INSERT INTO Profiles VALUES(70, 'Amanda', 'Carlevaro', 'amanda4@gmail.com', TO_DATE('1991-12-25','YYYY-MM-DD'), TIMESTAMP '2016-02-29 19:12:07'); 
INSERT INTO Profiles VALUES(71, 'Ethan', 'Lee', 'ethan5@gmail.com', TO_DATE('1995-08-09','YYYY-MM-DD'), TIMESTAMP '2016-03-19 12:34:48'); 
INSERT INTO Profiles VALUES(72, 'Zina', 'Mkizungo', 'zina6@gmail.com', TO_DATE('1990-08-13','YYYY-MM-DD'), TIMESTAMP '2014-06-28 17:55:23');
INSERT INTO Profiles VALUES(73, 'Ada', 'Lovelace', 'ada1@gmail.com', TO_DATE('1990-01-03','YYYY-MM-DD'),  TIMESTAMP '2016-03-29 14:24:51');
INSERT INTO Profiles VALUES(74, 'Na', 'Li','na2@gmail.com', TO_DATE('1993-08-21','YYYY-MM-DD'), TIMESTAMP '2016-04-13 05:21:02');
INSERT INTO Profiles VALUES(75, 'Francis', 'Lefebvre', 'francis3@gmail.com', TO_DATE('1994-09-01','YYYY-MM-DD'), TIMESTAMP '2015-12-26 01:51:28'); 
INSERT INTO Profiles VALUES(76, 'Amanda', 'Carlevaro', 'amanda4@gmail.com', TO_DATE('1991-12-25','YYYY-MM-DD'), TIMESTAMP '2016-02-29 19:12:07'); 
INSERT INTO Profiles VALUES(77, 'Ethan', 'Lee', 'ethan5@gmail.com', TO_DATE('1995-08-09','YYYY-MM-DD'), TIMESTAMP '2016-03-19 12:34:48'); 
INSERT INTO Profiles VALUES(78, 'Zina', 'Mkizungo', 'zina6@gmail.com', TO_DATE('1990-08-13','YYYY-MM-DD'), TIMESTAMP '2014-06-28 17:55:23');
INSERT INTO Profiles VALUES(79, 'Ada', 'Lovelace', 'ada1@gmail.com', TO_DATE('1990-01-03','YYYY-MM-DD'),  TIMESTAMP '2016-03-29 14:24:51');
INSERT INTO Profiles VALUES(80, 'Na', 'Li','na2@gmail.com', TO_DATE('1993-08-21','YYYY-MM-DD'), TIMESTAMP '2016-04-13 05:21:02');
INSERT INTO Profiles VALUES(81, 'Francis', 'Lefebvre', 'francis3@gmail.com', TO_DATE('1994-09-01','YYYY-MM-DD'), TIMESTAMP '2015-12-26 01:51:28'); 
INSERT INTO Profiles VALUES(82, 'Amanda', 'Carlevaro', 'amanda4@gmail.com', TO_DATE('1991-12-25','YYYY-MM-DD'), TIMESTAMP '2016-02-29 19:12:07'); 
INSERT INTO Profiles VALUES(83, 'Ethan', 'Lee', 'ethan5@gmail.com', TO_DATE('1995-08-09','YYYY-MM-DD'), TIMESTAMP '2016-03-19 12:34:48'); 
INSERT INTO Profiles VALUES(84, 'Zina', 'Mkizungo', 'zina6@gmail.com', TO_DATE('1990-08-13','YYYY-MM-DD'), TIMESTAMP '2014-06-28 17:55:23');
INSERT INTO Profiles VALUES(85, 'Ada', 'Lovelace', 'ada1@gmail.com', TO_DATE('1990-01-03','YYYY-MM-DD'),  TIMESTAMP '2016-03-29 14:24:51');
INSERT INTO Profiles VALUES(86, 'Na', 'Li','na2@gmail.com', TO_DATE('1993-08-21','YYYY-MM-DD'), TIMESTAMP '2016-04-13 05:21:02');
INSERT INTO Profiles VALUES(87, 'Francis', 'Lefebvre', 'francis3@gmail.com', TO_DATE('1994-09-01','YYYY-MM-DD'), TIMESTAMP '2015-12-26 01:51:28'); 
INSERT INTO Profiles VALUES(88, 'Amanda', 'Carlevaro', 'amanda4@gmail.com', TO_DATE('1991-12-25','YYYY-MM-DD'), TIMESTAMP '2016-02-29 19:12:07'); 
INSERT INTO Profiles VALUES(89, 'Ethan', 'Lee', 'ethan5@gmail.com', TO_DATE('1995-08-09','YYYY-MM-DD'), TIMESTAMP '2016-03-19 12:34:48'); 
INSERT INTO Profiles VALUES(90, 'Zina', 'Mkizungo', 'zina6@gmail.com', TO_DATE('1990-08-13','YYYY-MM-DD'), TIMESTAMP '2014-06-28 17:55:23');
INSERT INTO Profiles VALUES(91, 'Ada', 'Lovelace', 'ada1@gmail.com', TO_DATE('1990-01-03','YYYY-MM-DD'),  TIMESTAMP '2016-03-29 14:24:51');
INSERT INTO Profiles VALUES(92, 'Na', 'Li','na2@gmail.com', TO_DATE('1993-08-21','YYYY-MM-DD'), TIMESTAMP '2016-04-13 05:21:02');
INSERT INTO Profiles VALUES(93, 'Francis', 'Lefebvre', 'francis3@gmail.com', TO_DATE('1994-09-01','YYYY-MM-DD'), TIMESTAMP '2015-12-26 01:51:28'); 
INSERT INTO Profiles VALUES(94, 'Amanda', 'Carlevaro', 'amanda4@gmail.com', TO_DATE('1991-12-25','YYYY-MM-DD'), TIMESTAMP '2016-02-29 19:12:07'); 
INSERT INTO Profiles VALUES(95, 'Ethan', 'Lee', 'ethan5@gmail.com', TO_DATE('1995-08-09','YYYY-MM-DD'), TIMESTAMP '2016-03-19 12:34:48'); 
INSERT INTO Profiles VALUES(96, 'Zina', 'Mkizungo', 'zina6@gmail.com', TO_DATE('1990-08-13','YYYY-MM-DD'), TIMESTAMP '2014-06-28 17:55:23');
INSERT INTO Profiles VALUES(97, 'Ada', 'Lovelace', 'ada1@gmail.com', TO_DATE('1990-01-03','YYYY-MM-DD'),  TIMESTAMP '2016-03-29 14:24:51');
INSERT INTO Profiles VALUES(98, 'Na', 'Li','na2@gmail.com', TO_DATE('1993-08-21','YYYY-MM-DD'), TIMESTAMP '2016-04-13 05:21:02');
INSERT INTO Profiles VALUES(99, 'Francis', 'Lefebvre', 'francis3@gmail.com', TO_DATE('1994-09-01','YYYY-MM-DD'), TIMESTAMP '2015-12-26 01:51:28'); 
INSERT INTO Profiles VALUES(100, 'Amanda', 'Carlevaro', 'amanda4@gmail.com', TO_DATE('1991-12-25','YYYY-MM-DD'), TIMESTAMP '2016-02-29 19:12:07'); 

INSERT INTO Friendships VALUES(1,2,1,TO_DATE('2015-02-04','YYYY-MM-DD'));
INSERT INTO Friendships VALUES(2,1,1,TO_DATE('2015-02-04','YYYY-MM-DD'));
INSERT INTO Friendships VALUES(1,12,1,TO_DATE('2015-02-04','YYYY-MM-DD'));
INSERT INTO Friendships VALUES(12,1,1,TO_DATE('2015-02-04','YYYY-MM-DD'));
INSERT INTO Friendships VALUES(1,21,1,TO_DATE('2015-02-04','YYYY-MM-DD'));
INSERT INTO Friendships VALUES(21,1,1,TO_DATE('2015-02-04','YYYY-MM-DD'));
INSERT INTO Friendships VALUES(1,25,1,TO_DATE('2015-02-04','YYYY-MM-DD'));
INSERT INTO Friendships VALUES(25,1,1,TO_DATE('2015-02-04','YYYY-MM-DD'));
INSERT INTO Friendships VALUES(1,26,1,TO_DATE('2015-02-04','YYYY-MM-DD'));
INSERT INTO Friendships VALUES(26,1,1,TO_DATE('2015-02-04','YYYY-MM-DD'));
INSERT INTO Friendships VALUES(1,22,1,TO_DATE('2015-02-04','YYYY-MM-DD'));
INSERT INTO Friendships VALUES(22,1,1,TO_DATE('2015-02-04','YYYY-MM-DD'));
INSERT INTO Friendships VALUES(1,52,1,TO_DATE('2015-02-04','YYYY-MM-DD'));
INSERT INTO Friendships VALUES(52,1,1,TO_DATE('2015-02-04','YYYY-MM-DD'));
INSERT INTO Friendships VALUES(1,33,1,TO_DATE('2015-02-04','YYYY-MM-DD'));
INSERT INTO Friendships VALUES(33,1,1,TO_DATE('2015-02-04','YYYY-MM-DD'));
INSERT INTO Friendships VALUES(1,53,1,TO_DATE('2015-02-04','YYYY-MM-DD'));
INSERT INTO Friendships VALUES(53,1,1,TO_DATE('2015-02-04','YYYY-MM-DD'));
INSERT INTO Friendships VALUES(1,67,1,TO_DATE('2015-02-04','YYYY-MM-DD'));
INSERT INTO Friendships VALUES(67,1,1,TO_DATE('2015-02-04','YYYY-MM-DD'));
INSERT INTO Friendships VALUES(1,79,1,TO_DATE('2015-02-04','YYYY-MM-DD'));
INSERT INTO Friendships VALUES(79,1,1,TO_DATE('2015-02-04','YYYY-MM-DD'));
INSERT INTO Friendships VALUES(1,6,1,TO_DATE('2015-02-04','YYYY-MM-DD'));
INSERT INTO Friendships VALUES(6,1,1,TO_DATE('2015-02-04','YYYY-MM-DD'));
INSERT INTO Friendships VALUES(1,17,1,TO_DATE('2015-02-04','YYYY-MM-DD'));
INSERT INTO Friendships VALUES(17,1,1,TO_DATE('2015-02-04','YYYY-MM-DD'));
INSERT INTO Friendships VALUES(3,9,0,TO_DATE('2016-02-17', 'YYYY-MM-DD'));
INSERT INTO Friendships VALUES(3,19,1,TO_DATE('2016-02-17', 'YYYY-MM-DD'));
INSERT INTO Friendships VALUES(19,3,1,TO_DATE('2016-02-17', 'YYYY-MM-DD'));
INSERT INTO Friendships VALUES(3,74,1,TO_DATE('2016-02-17', 'YYYY-MM-DD'));
INSERT INTO Friendships VALUES(74,3,1,TO_DATE('2016-02-17', 'YYYY-MM-DD'));
INSERT INTO Friendships VALUES(3,81,1,TO_DATE('2016-02-17', 'YYYY-MM-DD'));
INSERT INTO Friendships VALUES(81,3,1,TO_DATE('2016-02-17', 'YYYY-MM-DD'));
INSERT INTO Friendships VALUES(3,100,1,TO_DATE('2016-02-17', 'YYYY-MM-DD'));
INSERT INTO Friendships VALUES(100,3,1,TO_DATE('2016-02-17', 'YYYY-MM-DD'));
INSERT INTO Friendships VALUES(3,73,1,TO_DATE('2016-02-17', 'YYYY-MM-DD'));
INSERT INTO Friendships VALUES(73,3,1,TO_DATE('2016-02-17', 'YYYY-MM-DD'));
INSERT INTO Friendships VALUES(3,82,1,TO_DATE('2016-02-17', 'YYYY-MM-DD'));
INSERT INTO Friendships VALUES(82,3,1,TO_DATE('2016-02-17', 'YYYY-MM-DD'));
INSERT INTO Friendships VALUES(3,4,1,TO_DATE('2016-02-17', 'YYYY-MM-DD'));
INSERT INTO Friendships VALUES(4,3,1,TO_DATE('2016-02-17', 'YYYY-MM-DD'));
INSERT INTO Friendships VALUES(3,2,1,TO_DATE('2016-02-17', 'YYYY-MM-DD'));
INSERT INTO Friendships VALUES(2,3,1,TO_DATE('2016-02-17', 'YYYY-MM-DD'));
INSERT INTO Friendships VALUES(3,10,0,TO_DATE('2016-02-17', 'YYYY-MM-DD'));
INSERT INTO Friendships VALUES(3,61,0,TO_DATE('2016-02-17', 'YYYY-MM-DD'));
INSERT INTO Friendships VALUES(3,52,0,TO_DATE('2016-02-17', 'YYYY-MM-DD'));
INSERT INTO Friendships VALUES(49,10,0,TO_DATE('2016-04-14', 'YYYY-MM-DD'));
INSERT INTO Friendships VALUES(49,61,0,TO_DATE('2016-04-14', 'YYYY-MM-DD'));
INSERT INTO Friendships VALUES(49,52,0,TO_DATE('2016-04-14', 'YYYY-MM-DD'));
INSERT INTO Friendships VALUES(49,3,0,TO_DATE('2016-04-14', 'YYYY-MM-DD')); 
INSERT INTO Friendships VALUES(49,90,0,TO_DATE('2016-04-14', 'YYYY-MM-DD'));
INSERT INTO Friendships VALUES(49,21,0,TO_DATE('2016-04-14', 'YYYY-MM-DD'));
INSERT INTO Friendships VALUES(49,63,0,TO_DATE('2016-04-14', 'YYYY-MM-DD'));
INSERT INTO Friendships VALUES(49,9,0,TO_DATE('2016-04-14', 'YYYY-MM-DD'));
INSERT INTO Friendships VALUES(49,37,0,TO_DATE('2016-04-14', 'YYYY-MM-DD'));
INSERT INTO Friendships VALUES(49,71,0,TO_DATE('2016-04-14', 'YYYY-MM-DD'));
INSERT INTO Friendships VALUES(49,5,0,TO_DATE('2016-04-14', 'YYYY-MM-DD'));
INSERT INTO Friendships VALUES(49,6,0,TO_DATE('2016-04-14', 'YYYY-MM-DD'));
INSERT INTO Friendships VALUES(49,78,0,TO_DATE('2016-04-14', 'YYYY-MM-DD'));
INSERT INTO Friendships VALUES(49,12,0,TO_DATE('2016-04-14', 'YYYY-MM-DD'));
INSERT INTO Friendships VALUES(49,11,0,TO_DATE('2016-04-14', 'YYYY-MM-DD'));
INSERT INTO Friendships VALUES(49,44,0,TO_DATE('2016-04-14', 'YYYY-MM-DD'));
INSERT INTO Friendships VALUES(95,2,1,TO_DATE('2015-12-13','YYYY-MM-DD'));
INSERT INTO Friendships VALUES(2,95,1,TO_DATE('2015-12-13','YYYY-MM-DD'));
INSERT INTO Friendships VALUES(95,12,1,TO_DATE('2015-12-13','YYYY-MM-DD'));
INSERT INTO Friendships VALUES(12,95,1,TO_DATE('2015-12-13','YYYY-MM-DD'));
INSERT INTO Friendships VALUES(95,21,1,TO_DATE('2015-12-13','YYYY-MM-DD'));
INSERT INTO Friendships VALUES(21,95,1,TO_DATE('2015-12-13','YYYY-MM-DD'));
INSERT INTO Friendships VALUES(95,25,1,TO_DATE('2015-12-13','YYYY-MM-DD'));
INSERT INTO Friendships VALUES(25,95,1,TO_DATE('2015-12-13','YYYY-MM-DD'));
INSERT INTO Friendships VALUES(95,26,1,TO_DATE('2015-12-13','YYYY-MM-DD'));
INSERT INTO Friendships VALUES(26,95,1,TO_DATE('2015-12-13','YYYY-MM-DD'));
INSERT INTO Friendships VALUES(95,22,1,TO_DATE('2015-12-13','YYYY-MM-DD'));
INSERT INTO Friendships VALUES(22,95,1,TO_DATE('2015-12-13','YYYY-MM-DD'));
INSERT INTO Friendships VALUES(95,52,1,TO_DATE('2015-12-13','YYYY-MM-DD'));
INSERT INTO Friendships VALUES(52,95,1,TO_DATE('2015-12-13','YYYY-MM-DD'));
INSERT INTO Friendships VALUES(95,33,1,TO_DATE('2015-12-13','YYYY-MM-DD'));
INSERT INTO Friendships VALUES(33,95,1,TO_DATE('2015-12-13','YYYY-MM-DD'));
INSERT INTO Friendships VALUES(95,53,1,TO_DATE('2015-12-13','YYYY-MM-DD'));
INSERT INTO Friendships VALUES(53,95,1,TO_DATE('2015-12-13','YYYY-MM-DD'));
INSERT INTO Friendships VALUES(95,67,1,TO_DATE('2015-12-13','YYYY-MM-DD'));
INSERT INTO Friendships VALUES(67,95,1,TO_DATE('2015-12-13','YYYY-MM-DD'));
INSERT INTO Friendships VALUES(95,79,1,TO_DATE('2015-12-13','YYYY-MM-DD'));
INSERT INTO Friendships VALUES(79,95,1,TO_DATE('2015-12-13','YYYY-MM-DD'));
INSERT INTO Friendships VALUES(95,100,1,TO_DATE('2015-12-13','YYYY-MM-DD'));
INSERT INTO Friendships VALUES(6,95,1,TO_DATE('2015-12-13','YYYY-MM-DD'));
INSERT INTO Friendships VALUES(95,17,1,TO_DATE('2015-12-13','YYYY-MM-DD'));
INSERT INTO Friendships VALUES(17,95,1,TO_DATE('2015-12-13','YYYY-MM-DD'));
INSERT INTO Friendships VALUES(100,9,0,TO_DATE('2016-02-17', 'YYYY-MM-DD'));
INSERT INTO Friendships VALUES(100,19,1,TO_DATE('2016-02-17', 'YYYY-MM-DD'));
INSERT INTO Friendships VALUES(19,100,1,TO_DATE('2016-02-17', 'YYYY-MM-DD'));
INSERT INTO Friendships VALUES(100,74,1,TO_DATE('2016-02-17', 'YYYY-MM-DD'));
INSERT INTO Friendships VALUES(74,100,1,TO_DATE('2016-02-17', 'YYYY-MM-DD'));
INSERT INTO Friendships VALUES(100,89,1,TO_DATE('2016-02-17', 'YYYY-MM-DD'));
INSERT INTO Friendships VALUES(89,100,1,TO_DATE('2016-02-17', 'YYYY-MM-DD'));
INSERT INTO Friendships VALUES(32,100,1,TO_DATE('2016-02-17', 'YYYY-MM-DD'));
INSERT INTO Friendships VALUES(100,32,1,TO_DATE('2016-02-17', 'YYYY-MM-DD'));
INSERT INTO Friendships VALUES(100,73,1,TO_DATE('2016-02-17', 'YYYY-MM-DD'));
INSERT INTO Friendships VALUES(73,100,1,TO_DATE('2016-02-17', 'YYYY-MM-DD'));
INSERT INTO Friendships VALUES(100,82,1,TO_DATE('2016-02-17', 'YYYY-MM-DD'));
INSERT INTO Friendships VALUES(82,100,1,TO_DATE('2016-02-17', 'YYYY-MM-DD'));
INSERT INTO Friendships VALUES(100,4,1,TO_DATE('2016-02-17', 'YYYY-MM-DD'));
INSERT INTO Friendships VALUES(4,100,1,TO_DATE('2016-02-17', 'YYYY-MM-DD'));
INSERT INTO Friendships VALUES(100,2,1,TO_DATE('2016-02-17', 'YYYY-MM-DD'));
INSERT INTO Friendships VALUES(2,100,1,TO_DATE('2016-02-17', 'YYYY-MM-DD'));
INSERT INTO Friendships VALUES(100,10,0,TO_DATE('2016-02-17', 'YYYY-MM-DD'));
INSERT INTO Friendships VALUES(100,61,0,TO_DATE('2016-02-17', 'YYYY-MM-DD'));
INSERT INTO Friendships VALUES(100,52,0,TO_DATE('2016-02-17', 'YYYY-MM-DD'));
INSERT INTO Friendships VALUES(100,29,0,TO_DATE('2016-04-14', 'YYYY-MM-DD'));
INSERT INTO Friendships VALUES(100,43,0,TO_DATE('2016-04-14', 'YYYY-MM-DD'));
INSERT INTO Friendships VALUES(100,72,0,TO_DATE('2016-04-14', 'YYYY-MM-DD'));
INSERT INTO Friendships VALUES(50,100,0,TO_DATE('2016-04-14', 'YYYY-MM-DD')); 
INSERT INTO Friendships VALUES(22,87,0,TO_DATE('2015-02-04','YYYY-MM-DD'));
INSERT INTO Friendships VALUES(87,52,1,TO_DATE('2015-02-04','YYYY-MM-DD'));
INSERT INTO Friendships VALUES(52,87,1,TO_DATE('2015-02-04','YYYY-MM-DD'));
INSERT INTO Friendships VALUES(87,33,1,TO_DATE('2015-02-04','YYYY-MM-DD'));
INSERT INTO Friendships VALUES(33,87,1,TO_DATE('2015-02-04','YYYY-MM-DD'));
INSERT INTO Friendships VALUES(87,53,1,TO_DATE('2015-02-04','YYYY-MM-DD'));
INSERT INTO Friendships VALUES(53,87,1,TO_DATE('2015-02-04','YYYY-MM-DD'));
INSERT INTO Friendships VALUES(87,67,1,TO_DATE('2015-02-04','YYYY-MM-DD'));
INSERT INTO Friendships VALUES(67,87,1,TO_DATE('2015-02-04','YYYY-MM-DD'));
INSERT INTO Friendships VALUES(87,79,1,TO_DATE('2015-02-04','YYYY-MM-DD'));
INSERT INTO Friendships VALUES(79,87,1,TO_DATE('2015-02-04','YYYY-MM-DD'));
INSERT INTO Friendships VALUES(87,6,1,TO_DATE('2015-02-04','YYYY-MM-DD'));
INSERT INTO Friendships VALUES(6,87,1,TO_DATE('2015-02-04','YYYY-MM-DD'));
INSERT INTO Friendships VALUES(87,17,1,TO_DATE('2015-02-04','YYYY-MM-DD'));
INSERT INTO Friendships VALUES(17,87,1,TO_DATE('2015-02-04','YYYY-MM-DD'));
INSERT INTO Friendships VALUES(7,9,0,TO_DATE('2016-02-17', 'YYYY-MM-DD'));
INSERT INTO Friendships VALUES(7,19,1,TO_DATE('2016-02-17', 'YYYY-MM-DD'));
INSERT INTO Friendships VALUES(19,7,1,TO_DATE('2016-02-17', 'YYYY-MM-DD'));
INSERT INTO Friendships VALUES(7,74,1,TO_DATE('2016-02-17', 'YYYY-MM-DD'));
INSERT INTO Friendships VALUES(74,7,1,TO_DATE('2016-02-17', 'YYYY-MM-DD'));
INSERT INTO Friendships VALUES(7,20,1,TO_DATE('2016-02-17', 'YYYY-MM-DD'));
INSERT INTO Friendships VALUES(20,7,1,TO_DATE('2016-02-17', 'YYYY-MM-DD'));
INSERT INTO Friendships VALUES(7,100,1,TO_DATE('2016-02-17', 'YYYY-MM-DD'));
INSERT INTO Friendships VALUES(100,7,1,TO_DATE('2016-02-17', 'YYYY-MM-DD'));
INSERT INTO Friendships VALUES(7,73,1,TO_DATE('2016-02-17', 'YYYY-MM-DD'));
INSERT INTO Friendships VALUES(73,7,1,TO_DATE('2016-02-17', 'YYYY-MM-DD'));
INSERT INTO Friendships VALUES(7,82,1,TO_DATE('2016-02-17', 'YYYY-MM-DD'));
INSERT INTO Friendships VALUES(82,7,1,TO_DATE('2016-02-17', 'YYYY-MM-DD'));
INSERT INTO Friendships VALUES(7,4,1,TO_DATE('2016-02-17', 'YYYY-MM-DD'));
INSERT INTO Friendships VALUES(4,7,1,TO_DATE('2016-02-17', 'YYYY-MM-DD'));
INSERT INTO Friendships VALUES(7,2,1,TO_DATE('2016-02-17', 'YYYY-MM-DD'));
INSERT INTO Friendships VALUES(2,7,1,TO_DATE('2016-02-17', 'YYYY-MM-DD'));
INSERT INTO Friendships VALUES(7,10,0,TO_DATE('2016-02-17', 'YYYY-MM-DD'));
INSERT INTO Friendships VALUES(7,61,0,TO_DATE('2016-02-17', 'YYYY-MM-DD'));
INSERT INTO Friendships VALUES(7,52,0,TO_DATE('2016-02-17', 'YYYY-MM-DD'));
INSERT INTO Friendships VALUES(45,10,0,TO_DATE('2016-04-14', 'YYYY-MM-DD'));
INSERT INTO Friendships VALUES(45,61,0,TO_DATE('2016-04-14', 'YYYY-MM-DD'));
INSERT INTO Friendships VALUES(45,52,0,TO_DATE('2016-04-14', 'YYYY-MM-DD'));
INSERT INTO Friendships VALUES(45,3,0,TO_DATE('2016-04-14', 'YYYY-MM-DD')); 
INSERT INTO Friendships VALUES(45,90,0,TO_DATE('2016-04-14', 'YYYY-MM-DD'));
INSERT INTO Friendships VALUES(45,21,0,TO_DATE('2016-04-14', 'YYYY-MM-DD'));
INSERT INTO Friendships VALUES(45,63,0,TO_DATE('2016-04-14', 'YYYY-MM-DD'));
INSERT INTO Friendships VALUES(45,9,0,TO_DATE('2016-04-14', 'YYYY-MM-DD'));
INSERT INTO Friendships VALUES(45,37,0,TO_DATE('2016-04-14', 'YYYY-MM-DD'));
INSERT INTO Friendships VALUES(45,71,0,TO_DATE('2016-04-14', 'YYYY-MM-DD'));
INSERT INTO Friendships VALUES(45,5,0,TO_DATE('2016-04-14', 'YYYY-MM-DD'));
INSERT INTO Friendships VALUES(45,6,0,TO_DATE('2016-04-14', 'YYYY-MM-DD'));
INSERT INTO Friendships VALUES(45,78,0,TO_DATE('2016-04-14', 'YYYY-MM-DD'));
INSERT INTO Friendships VALUES(45,12,0,TO_DATE('2016-04-14', 'YYYY-MM-DD'));
INSERT INTO Friendships VALUES(45,11,0,TO_DATE('2016-04-14', 'YYYY-MM-DD'));
INSERT INTO Friendships VALUES(45,44,0,TO_DATE('2016-04-14', 'YYYY-MM-DD'));
INSERT INTO Friendships VALUES(72,2,1,TO_DATE('2015-12-13','YYYY-MM-DD'));
INSERT INTO Friendships VALUES(2,72,1,TO_DATE('2015-12-13','YYYY-MM-DD'));
INSERT INTO Friendships VALUES(72,12,1,TO_DATE('2015-12-13','YYYY-MM-DD'));
INSERT INTO Friendships VALUES(12,72,1,TO_DATE('2015-12-13','YYYY-MM-DD'));
INSERT INTO Friendships VALUES(72,21,1,TO_DATE('2015-12-13','YYYY-MM-DD'));
INSERT INTO Friendships VALUES(21,72,1,TO_DATE('2015-12-13','YYYY-MM-DD'));
INSERT INTO Friendships VALUES(72,25,1,TO_DATE('2015-12-13','YYYY-MM-DD'));
INSERT INTO Friendships VALUES(25,72,1,TO_DATE('2015-12-13','YYYY-MM-DD'));
INSERT INTO Friendships VALUES(72,26,1,TO_DATE('2015-12-13','YYYY-MM-DD'));
INSERT INTO Friendships VALUES(26,72,1,TO_DATE('2015-12-13','YYYY-MM-DD'));
INSERT INTO Friendships VALUES(72,22,1,TO_DATE('2015-12-13','YYYY-MM-DD'));
INSERT INTO Friendships VALUES(22,72,1,TO_DATE('2015-12-13','YYYY-MM-DD'));
INSERT INTO Friendships VALUES(72,52,1,TO_DATE('2015-12-13','YYYY-MM-DD'));
INSERT INTO Friendships VALUES(52,72,1,TO_DATE('2015-12-13','YYYY-MM-DD'));
INSERT INTO Friendships VALUES(72,33,1,TO_DATE('2015-12-13','YYYY-MM-DD'));
INSERT INTO Friendships VALUES(33,72,1,TO_DATE('2015-12-13','YYYY-MM-DD'));
INSERT INTO Friendships VALUES(72,53,1,TO_DATE('2015-12-13','YYYY-MM-DD'));
INSERT INTO Friendships VALUES(53,72,1,TO_DATE('2015-12-13','YYYY-MM-DD'));
INSERT INTO Friendships VALUES(72,67,1,TO_DATE('2015-12-13','YYYY-MM-DD'));
INSERT INTO Friendships VALUES(67,72,1,TO_DATE('2015-12-13','YYYY-MM-DD'));
INSERT INTO Friendships VALUES(72,79,1,TO_DATE('2015-12-13','YYYY-MM-DD'));
INSERT INTO Friendships VALUES(79,72,1,TO_DATE('2015-12-13','YYYY-MM-DD'));
INSERT INTO Friendships VALUES(72,100,0,TO_DATE('2015-12-13','YYYY-MM-DD'));
INSERT INTO Friendships VALUES(6,72,1,TO_DATE('2015-12-13','YYYY-MM-DD'));
INSERT INTO Friendships VALUES(72,17,1,TO_DATE('2015-12-13','YYYY-MM-DD'));
INSERT INTO Friendships VALUES(17,72,1,TO_DATE('2015-12-13','YYYY-MM-DD'));
INSERT INTO Friendships VALUES(36,9,0,TO_DATE('2016-02-17', 'YYYY-MM-DD'));
INSERT INTO Friendships VALUES(36,19,1,TO_DATE('2016-02-17', 'YYYY-MM-DD'));
INSERT INTO Friendships VALUES(19,36,1,TO_DATE('2016-02-17', 'YYYY-MM-DD'));
INSERT INTO Friendships VALUES(36,74,1,TO_DATE('2016-02-17', 'YYYY-MM-DD'));
INSERT INTO Friendships VALUES(74,36,1,TO_DATE('2016-02-17', 'YYYY-MM-DD'));
INSERT INTO Friendships VALUES(36,89,1,TO_DATE('2016-02-17', 'YYYY-MM-DD'));
INSERT INTO Friendships VALUES(89,36,1,TO_DATE('2016-02-17', 'YYYY-MM-DD'));
INSERT INTO Friendships VALUES(32,36,1,TO_DATE('2016-02-17', 'YYYY-MM-DD'));
INSERT INTO Friendships VALUES(36,32,1,TO_DATE('2016-02-17', 'YYYY-MM-DD'));
INSERT INTO Friendships VALUES(36,73,1,TO_DATE('2016-02-17', 'YYYY-MM-DD'));
INSERT INTO Friendships VALUES(73,36,1,TO_DATE('2016-02-17', 'YYYY-MM-DD'));

INSERT INTO Groups VALUES(1,'Fan of Superman','We think Superman is the best superhero!',10,1000);
INSERT INTO Groups VALUES(2,'Fan of Batman','We think Batman is the best superhero!',10,1000);
INSERT INTO Groups VALUES(3,'Fan of Wonder Woman','We think Wonder Woman is the best superhero!',10,1000);
INSERT INTO Groups VALUES(4,'Fan of Flash','We think Flash is the best superhero!',10,1000);
INSERT INTO Groups VALUES(5,'Fan of Aquaman','We think Aquaman is the best superhero!',10,1000);
INSERT INTO Groups VALUES(6,'Fan of Cyborg','We think Cyborg is the best superhero!',10,1000);
INSERT INTO Groups VALUES(7,'Fan of Nightwing','We think Nightwing is the best superhero!',10,1000);
INSERT INTO Groups VALUES(8,'Fan of Green Arrow','We think Green Arrow is the best superhero!',10,1000);
INSERT INTO Groups VALUES(9,'Fan of Martian Manhunter','We think Martian Manhunter is the best superhero!',10,1000);
INSERT INTO Groups VALUES(10,'Fan of Hawkgirl','We think Hawkgirl is the best superhero!',10,1000);

INSERT INTO GroupMembers Values(1,1);
INSERT INTO GroupMembers Values(1,2);
INSERT INTO GroupMembers Values(1,3);
INSERT INTO GroupMembers Values(1,4);
INSERT INTO GroupMembers Values(1,5);
INSERT INTO GroupMembers Values(1,6);
INSERT INTO GroupMembers Values(1,7);
INSERT INTO GroupMembers Values(1,8);
INSERT INTO GroupMembers Values(1,9);
INSERT INTO GroupMembers Values(1,10);
INSERT INTO GroupMembers Values(2,11);
INSERT INTO GroupMembers Values(2,12);
INSERT INTO GroupMembers Values(2,13);
INSERT INTO GroupMembers Values(2,14);
INSERT INTO GroupMembers Values(2,15);
INSERT INTO GroupMembers Values(2,16);
INSERT INTO GroupMembers Values(2,17);
INSERT INTO GroupMembers Values(2,18);
INSERT INTO GroupMembers Values(2,19);
INSERT INTO GroupMembers Values(2,20);
INSERT INTO GroupMembers Values(3,21);
INSERT INTO GroupMembers Values(3,22);
INSERT INTO GroupMembers Values(3,23);
INSERT INTO GroupMembers Values(3,24);
INSERT INTO GroupMembers Values(3,25);
INSERT INTO GroupMembers Values(3,26);
INSERT INTO GroupMembers Values(3,27);
INSERT INTO GroupMembers Values(3,28);
INSERT INTO GroupMembers Values(3,29);
INSERT INTO GroupMembers Values(3,30);
INSERT INTO GroupMembers Values(4,31);
INSERT INTO GroupMembers Values(4,32);
INSERT INTO GroupMembers Values(4,33);
INSERT INTO GroupMembers Values(4,34);
INSERT INTO GroupMembers Values(4,35);
INSERT INTO GroupMembers Values(4,36);
INSERT INTO GroupMembers Values(4,37);
INSERT INTO GroupMembers Values(4,38);
INSERT INTO GroupMembers Values(4,39);
INSERT INTO GroupMembers Values(4,40);
INSERT INTO GroupMembers Values(5,41);
INSERT INTO GroupMembers Values(5,42);
INSERT INTO GroupMembers Values(5,43);
INSERT INTO GroupMembers Values(5,44);
INSERT INTO GroupMembers Values(5,45);
INSERT INTO GroupMembers Values(5,46);
INSERT INTO GroupMembers Values(5,47);
INSERT INTO GroupMembers Values(5,48);
INSERT INTO GroupMembers Values(5,49);
INSERT INTO GroupMembers Values(5,50);
INSERT INTO GroupMembers Values(6,51);
INSERT INTO GroupMembers Values(6,52);
INSERT INTO GroupMembers Values(6,53);
INSERT INTO GroupMembers Values(6,54);
INSERT INTO GroupMembers Values(6,55);
INSERT INTO GroupMembers Values(6,56);
INSERT INTO GroupMembers Values(6,57);
INSERT INTO GroupMembers Values(6,58);
INSERT INTO GroupMembers Values(6,59);
INSERT INTO GroupMembers Values(6,60);
INSERT INTO GroupMembers Values(7,61);
INSERT INTO GroupMembers Values(7,62);
INSERT INTO GroupMembers Values(7,63);
INSERT INTO GroupMembers Values(7,64);
INSERT INTO GroupMembers Values(7,65);
INSERT INTO GroupMembers Values(7,66);
INSERT INTO GroupMembers Values(7,67);
INSERT INTO GroupMembers Values(7,68);
INSERT INTO GroupMembers Values(7,69);
INSERT INTO GroupMembers Values(7,70);
INSERT INTO GroupMembers Values(8,71);
INSERT INTO GroupMembers Values(8,72);
INSERT INTO GroupMembers Values(8,73);
INSERT INTO GroupMembers Values(8,74);
INSERT INTO GroupMembers Values(8,75);
INSERT INTO GroupMembers Values(8,76);
INSERT INTO GroupMembers Values(8,77);
INSERT INTO GroupMembers Values(8,78);
INSERT INTO GroupMembers Values(8,79);
INSERT INTO GroupMembers Values(8,80);
INSERT INTO GroupMembers Values(9,81);
INSERT INTO GroupMembers Values(9,82);
INSERT INTO GroupMembers Values(9,83);
INSERT INTO GroupMembers Values(9,84);
INSERT INTO GroupMembers Values(9,85);
INSERT INTO GroupMembers Values(9,86);
INSERT INTO GroupMembers Values(9,87);
INSERT INTO GroupMembers Values(9,88);
INSERT INTO GroupMembers Values(9,89);
INSERT INTO GroupMembers Values(9,90);
INSERT INTO GroupMembers Values(10,91);
INSERT INTO GroupMembers Values(10,92);
INSERT INTO GroupMembers Values(10,93);
INSERT INTO GroupMembers Values(10,94);
INSERT INTO GroupMembers Values(10,95);
INSERT INTO GroupMembers Values(10,96);
INSERT INTO GroupMembers Values(10,97);
INSERT INTO GroupMembers Values(10,98);
INSERT INTO GroupMembers Values(10,99);
INSERT INTO GroupMembers Values(10,100);

INSERT INTO Messages VALUES(1, 76, 13, 'xwwllkaesvncchr' , 'lotxafmvaxkjjjoerowsieawflfelwvvpsufrlaifwgdfrj' , TIMESTAMP '2015-01-03 20:28:58');
INSERT INTO Messages VALUES(2, 64, 90, 'ejaoalmarggroemlchcm' , 'ilhviffrvfveujxrqfbqfvmqmcgodiuepluobbfvcttweftvhnxcvqgglalhukahtdqdmtgxqrfpewea' , TIMESTAMP '2015-08-05 18:28:29');
INSERT INTO Messages VALUES(3, 53, 88, 'obhdflhhoshfu' , 'mvocqbawvprkhfqphjlxarveamlxfemvbtdmt' , TIMESTAMP '2015-07-06 15:33:43');
INSERT INTO Messages VALUES(4, 75, 6, 'smuvnlowgbndvjlbb' , 'fxqteolmbfxwwwqqpjaexcwxgbbjq' , TIMESTAMP '2014-04-07 15:34:56');
INSERT INTO Messages VALUES(5, 32, 43, 'dmghokqhifc' , 'hhxgfucppfchqthavhnmff' , TIMESTAMP '2016-07-06 10:23:25');
INSERT INTO Messages VALUES(6, 78, 6, 'hmilpkkrrpgjsvluqxa' , 'fbdwopgeltofcakbsuuwrcxfcngshbmshcwfnqjsftrskihe' , TIMESTAMP '2016-02-06 12:50:33');
INSERT INTO Messages VALUES(7, 54, 70, 'vpoaxfaosdjqqbko' , 'hnimrinrlgkbutmdhrrmdljcvwsfexqdsfegseleedqcgdmfnea' , TIMESTAMP '2016-03-06 16:25:18');
INSERT INTO Messages VALUES(8, 34, 72, 'qgcuhpiurpahpgqcijhncbfjbiblk' , 'onxltuawourkexnapuxhnejirrmvqpsskmtukuknemlcsideejmscwuigljrlplxehftsabqgsqkppdujlsxtwgwc' , TIMESTAMP '2012-02-07 20:59:28');
INSERT INTO Messages VALUES(9, 74, 48, 'wbvldraowxadf' , 'xfrtjmoqrkcxbpcojjqigd' , TIMESTAMP '2016-01-07 17:35:20');
INSERT INTO Messages VALUES(10, 68, 14, 'srupscmmfgaaeciwxjg' , 'qnxwileoopcqwdvlwflllufgcorvsscvpmbjstvoltfcrpxc' , TIMESTAMP '2015-08-06 14:39:11');
INSERT INTO Messages VALUES(11, 71, 34, 'qxnnkjowdmussikwcsnqgjfeq' , 'ribpibsqeqrqbnad' , TIMESTAMP '2016-04-02 16:56:43');
INSERT INTO Messages VALUES(12, 87, 86, 'weqkntbwatbi' , 'vthmenovdftcmejmpmsmooedsewodvqhapvorwwxwsdehhadgxddecoqhvngf' , TIMESTAMP '2015-05-01 13:18:22');
INSERT INTO Messages VALUES(13, 33, 55, 'psrvluehcsdbxkblwgc' , 'usqshnrxxsfgmsvschxrpxwrndorktofubgfdgidhmtpiccqnnlrejdopmocadfhtmjqcgtworovqwetacufffvn' , TIMESTAMP '2014-04-08 19:57:13');
INSERT INTO Messages VALUES(14, 35, 49, 'srxcofqdjoaswgakppinsrvfw' , 'qjtjtqakquotcgjfmtwfaiiehhvwxfggeh' , TIMESTAMP '2012-09-08 23:13:44');
INSERT INTO Messages VALUES(15, 41, 40, 'hxjfilhfmicaxvcrpuaoahognwvprh' , 'glsouxqfrqqcxmvfgbaixdvqihmvtrxelsltugfmnrstnkcbpxtlmigfmahqanglxb' , TIMESTAMP '2014-04-04 23:18:25');
INSERT INTO Messages VALUES(16, 46, 23, 'gubetprvrkmjwkllkxrswlv' , 'sdxvxigcwhujtmpbjonaldtjvecwfuhprk' , TIMESTAMP '2012-08-03 22:48:43');
INSERT INTO Messages VALUES(17, 19, 59, 'fsjecqmghhmxmaxbpqooaickdxvps' , 'cbeolbwtfi' , TIMESTAMP '2012-03-09 13:53:47');
INSERT INTO Messages VALUES(18, 67, 10, 'pkgsesgsalpnfuntqf' , 'mvijuqscurintvhomwmrqxkkmnrdv' , TIMESTAMP '2015-03-02 16:51:18');
INSERT INTO Messages VALUES(19, 67, 1, 'iequsbnimbesqptgippulivqtbo' , 'ulwtutjxrldrtwcristdntncarnihdxkufxsivjpimtabxmnuvbogdufoljgtehpskhcrwvhtaioqahtqnrsnvj' , TIMESTAMP '2013-05-02 23:48:11');
INSERT INTO Messages VALUES(20, 90, 61, 'nfulbicftxcwnnvjnbeglxnxduvlo' , 'mrttpktngccdnfbuitrdaxkscsjt' , TIMESTAMP '2012-02-04 16:25:32');
INSERT INTO Messages VALUES(21, 65, 21, 'adgpabwccxbifl' , 'tgwwoqvhspfobnrkgmtopcfwbckkpoptwchdxnhrjbxjtrbtekskpcsuwnkrjxqmtukgccvkjqimdqctgpn' , TIMESTAMP '2012-02-02 23:50:12');
INSERT INTO Messages VALUES(22, 23, 99, 'mnnqwrmcfkgujljovqxc' , 'gnubseravvekaexnsxuktqhiuopmgkkgtvkqmpqpisduovfeaudtengqiotsbrdiprpvbxncavqgtdgrh' , TIMESTAMP '2014-03-06 17:51:20');
INSERT INTO Messages VALUES(23, 64, 80, 'beabqgnagcpdnaiumktwgtn' , 'ouwqofgrxucadnnqwgtidvrvlaajijriquc' , TIMESTAMP '2015-05-04 14:33:22');
INSERT INTO Messages VALUES(24, 14, 41, 'gvukpigkbdpwjpttlgnotbkescjws' , 'bspjwfjksusbmramqcxctgwgbbfvehavtn' , TIMESTAMP '2015-08-06 11:35:52');
INSERT INTO Messages VALUES(25, 42, 59, 'djcbmdiqolbolrrdcptnnuvnsiml' , 'lpwvjcnsisllkpnovtppqwfvblglrlckammavnkawjrgwfgmeixnqgavirkebm' , TIMESTAMP '2014-02-03 18:55:58');
INSERT INTO Messages VALUES(26, 80, 21, 'rrvjdpfkjtgcshl' , 'xroielsekxcikmqiuhscnaheppakcujjirgdpudhhutedhskmnwnjvqgllransxmblxknsufmkfji' , TIMESTAMP '2012-01-03 23:33:34');
INSERT INTO Messages VALUES(27, 78, 79, 'ujavaoviquvtqcss' , 'etucojoptw' , TIMESTAMP '2012-08-01 15:30:36');
INSERT INTO Messages VALUES(28, 51, 32, 'jibjvsxjcaafmnedqaissiovmcbm' , 'bgikqglsgacspdbidbbcohivdsvuglonetqgjskvwqhfeoodkphqwrfcuaks' , TIMESTAMP '2014-05-01 19:23:58');
INSERT INTO Messages VALUES(29, 50, 5, 'ktemsxcgjleschvhecfdjcqejnoc' , 'umioqojkuhxw' , TIMESTAMP '2012-03-06 10:28:58');
INSERT INTO Messages VALUES(30, 84, 73, 'jwwwlkcumvpoduqprarfejffxf' , 'ifmdendmiheujfw' , TIMESTAMP '2015-09-03 18:57:34');
INSERT INTO Messages VALUES(31, 53, 41, 'sgiukfedfncrehacxrqxjsxbcchopd' , 'vuaghrbmukqopiteinwsmfeekhkhedadqwnnkrgabacddgnwnfxwktqahalcrmunuvhhcgpume' , TIMESTAMP '2015-05-04 14:58:57');
INSERT INTO Messages VALUES(32, 59, 76, 'hilonijucmukxv' , 'irvafjbdhbqjjonnlwabkhmqikbdgkbwovaowousgmedts' , TIMESTAMP '2014-05-05 22:42:22');
INSERT INTO Messages VALUES(33, 11, 48, 'tvwnguosmrevtnbqgmdtsoakgdskg' , 'wjjpxxfxpmnbgprktblnpecnbthrupnlmswmpuaqbqorilklwartvcxevpriigkqonni' , TIMESTAMP '2016-03-05 11:49:57');
INSERT INTO Messages VALUES(34, 1, 26, 'mkatdsbsohhe' , 'gttsgpmlarbwkoohcakllcuwhqxckdutgslqimvepcismkqpcoxbdcjovuwp' , TIMESTAMP '2014-08-01 22:51:10');
INSERT INTO Messages VALUES(35, 65, 68, 'cuatdklomxdmteg' , 'epidkkfeqnnirwdrahbifqmovlaavpqtceephoxruetaahmataovtklhbhneoxuehsngkpqxmfecjoblxujgid' , TIMESTAMP '2016-07-05 11:22:25');
INSERT INTO Messages VALUES(36, 60, 19, 'pnxcpjufeederqooipppaajt' , 'wpblsnswbhrqjbuaftjlpjukvvuqmbgorfqnxri' , TIMESTAMP '2016-06-08 22:42:27');
INSERT INTO Messages VALUES(37, 44, 21, 'dmeresbbwredojseljjhi' , 'itfmmaamltulhrltraocobvqtsnxaqndebuawqudcbdrimmlfgrlmlcjfrhgqvnjp' , TIMESTAMP '2013-08-05 23:11:39');
INSERT INTO Messages VALUES(38, 96, 18, 'smfrithtjkeingdnrnduem' , 'gmfsfgrgnrwaodvhiwlqmtjftgsmwrqbqluoubawoutrrlabfxdmcuccnqdwgupkepdkwc' , TIMESTAMP '2015-06-05 17:24:31');
INSERT INTO Messages VALUES(39, 47, 43, 'fqhdnpmaqlveragefwiepokcjdlw' , 'mswlocjswvrxldlckptxdwqmjngjx' , TIMESTAMP '2012-03-07 10:42:50');
INSERT INTO Messages VALUES(40, 82, 99, 'vxsomrggfxcgckqbgenuovfrdwp' , 'uodbrphjsmrjfrpoppksktrumjcoikltwpxlnremrhaoqtemgkbkanppfavijhkolicoojmenpqtpiwcd' , TIMESTAMP '2015-06-02 19:38:14');
INSERT INTO Messages VALUES(41, 48, 47, 'drjavjeahitulkpejrtbospxjega' , 'qwgtedblciocgdixuuaxhsalxswbk' , TIMESTAMP '2013-04-04 14:31:46');
INSERT INTO Messages VALUES(42, 99, 60, 'uuphdenulibbxihavgcch' , 'prqavaqgdsernxvhnllicrngaoadthcjjukuuoomalhx' , TIMESTAMP '2014-04-09 23:37:46');
INSERT INTO Messages VALUES(43, 84, 59, 'xnxtqkskuspqfdftiwoxsiaggdwo' , 'hsuxcbocxtwskndpcvkdpjbhcnefmxbmpanbisbboiqpvxptthhctfpeajrorgputdxtuokil' , TIMESTAMP '2015-03-06 15:57:20');
INSERT INTO Messages VALUES(44, 50, 46, 'sqotmgisvpigvqhvxcrtvdmcb' , 'gvchdmhiaklhpsfbhakdgejnoilqstgtmpvrumvxphn' , TIMESTAMP '2014-09-03 18:17:28');
INSERT INTO Messages VALUES(45, 49, 51, 'phsthxxgksafsbgitxkwaxpd' , 'klpqbotstecstncrktptutkljulhtvqwplqnsaqjjxrgfefobjmwbshsrkqjxxmloa' , TIMESTAMP '2012-03-01 10:29:10');
INSERT INTO Messages VALUES(46, 24, 60, 'qbqvuvbxurkujhskgjm' , 'cnpqfwluxtlbxjrixmkrksidwiwfmptliwgvxtsbvlgabguffjtsvtuntboanvoweqgbbqqbwfqxxo' , TIMESTAMP '2016-09-01 23:22:40');
INSERT INTO Messages VALUES(47, 94, 65, 'nnpfnpaijxmcadlsovn' , 'wlnlvpfmwrxhiavbarnwmofsopxxrvbatdtdoaofmhgahidatxctbjtoqppekmhrqiunl' , TIMESTAMP '2014-01-08 17:17:18');
INSERT INTO Messages VALUES(48, 84, 36, 'fbnkddgtkdrxfwmvmt' , 'bnqrtoxldmequvopckhwjrsqtx' , TIMESTAMP '2012-02-01 23:49:58');
INSERT INTO Messages VALUES(49, 28, 55, 'xvlksircfuwbvnjxbbrainwq' , 'tanedaeagkmcbtpqgnpqpunxummsureqxtlkkmwimxncngmhhafvmflophsmhacjfctvopcmunjdifu' , TIMESTAMP '2013-01-09 14:31:46');
INSERT INTO Messages VALUES(50, 87, 69, 'xncjvwvpljruwmaksmle' , 'enuwctjaruuhjjjflqsralx' , TIMESTAMP '2015-07-07 16:30:20');
INSERT INTO Messages VALUES(51, 42, 29, 'drsidisbjgskuqtgwkqwptpniqxx' , 'epkgnrpxsjsaqouhmukldegxnjluxphjabjsehbcmlxgwolh' , TIMESTAMP '2013-04-02 21:51:34');
INSERT INTO Messages VALUES(52, 84, 87, 'qifmwtoexsralqjsefupthihx' , 'otejplpxuuqpclaejjkgfcwsndqmjapubhkcbmvpikjrqlbtaeqhmqrroagbgtkmvisqxnvkhcfwmpgcjhti' , TIMESTAMP '2015-02-04 12:21:21');
INSERT INTO Messages VALUES(53, 75, 7, 'kiwbiapruvlaartvkxsvf' , 'fwhuibgvntlkxrivfvffrropqpjmnkuhondjaohdxhspnbgeduvenqddarqohl' , TIMESTAMP '2016-06-09 17:21:51');
INSERT INTO Messages VALUES(54, 30, 10, 'fvsdeggaxdih' , 'qmkfitjmknuhqbufvanlcqtpvufeojkxpdgfifrhvqnoe' , TIMESTAMP '2015-07-02 17:19:53');
INSERT INTO Messages VALUES(55, 72, 19, 'maeaojubein' , 'untsggxwukrpiuoaiiejfnlukhwhpihtecqatdntggifakeribdjxxdgdflcejlldebxlpaxplljteagxrpugsjr' , TIMESTAMP '2015-07-01 16:58:44');
INSERT INTO Messages VALUES(56, 98, 98, 'bdbodoevhxgwuttd' , 'wfcrjeplltsfdenvxtncupchlnuvupe' , TIMESTAMP '2013-01-07 20:18:56');
INSERT INTO Messages VALUES(57, 62, 19, 'vkksnvbrdoqoomirtdawxxmgpd' , 'cdqwebmdenbilohdauqgfonxfikhersxdsqlgsmcepxgcadwvoblkqaqlfpcjlhxrxateoxngiiadmwfrg' , TIMESTAMP '2016-02-04 21:42:21');
INSERT INTO Messages VALUES(58, 3, 44, 'btfvivlrshpwhttjqqmuasv' , 'tlgustawqtiwfaocesktsmkoogb' , TIMESTAMP '2013-09-08 19:44:14');
INSERT INTO Messages VALUES(59, 21, 32, 'fvxcanutmnbwlkpuxctj' , 'cckehbuwmeldvitognpweluofvibotvsrrekrvxlegiblixjjeebwtroxttvdlnbmqrta' , TIMESTAMP '2013-06-02 17:33:14');
INSERT INTO Messages VALUES(60, 31, 66, 'mregbxgtqkuqhngxsw' , 'gtjuhqprghtxhekdcleqeatmddxrns' , TIMESTAMP '2015-06-01 12:48:19');
INSERT INTO Messages VALUES(61, 14, 58, 'iowxunquljjess' , 'xbgoxfvhgvcivxfehpvwvltxsgbcoxcbandgvbhhvaiwumrmo' , TIMESTAMP '2012-07-09 16:19:51');
INSERT INTO Messages VALUES(62, 55, 87, 'stqlufugsoxdvis' , 'gqgjqcjfeqtvkkqfopbkorbexxrwhmaplutqfpvf' , TIMESTAMP '2013-04-09 10:23:44');
INSERT INTO Messages VALUES(63, 5, 96, 'gllqiajtmealnxsvflgrfvucwb' , 'rphbslsnowodhurusocghcgpevskxilbcfjqrekkhwlkgvahggnnumfmeshpcnrurevdwfiepnrjnlxvrr' , TIMESTAMP '2013-08-06 23:31:56');
INSERT INTO Messages VALUES(64, 34, 16, 'gjrtcawfpjibcoggq' , 'qdbmiwokgttjcfqpvergqlvoouefgdkvamq' , TIMESTAMP '2013-09-09 13:19:31');
INSERT INTO Messages VALUES(65, 23, 69, 'ndvrjkjqahgw' , 'bptexrstepigrqwkokxvmvdqrgrbgotunxtwmluohal' , TIMESTAMP '2013-02-05 22:32:53');
INSERT INTO Messages VALUES(66, 99, 20, 'fnucixkbtcsnsbvnviip' , 'vfpfoswueawxebbupxshxoddsffudogedpn' , TIMESTAMP '2013-02-06 21:15:37');
INSERT INTO Messages VALUES(67, 32, 36, 'mkftdvxwlegajbvrkcqqkxtekbq' , 'nomjprprdxhcpmirgucvkooilcwjbsiokpxgithfkldinauaxdaninmxgrhr' , TIMESTAMP '2015-04-04 23:33:22');
INSERT INTO Messages VALUES(68, 17, 72, 'ajngwmskhcbbcdkng' , 'gbksoitslucdrdptquwkapukadomtrombvmofnfcarctjcpwwqogmmxeimxlqflcakxk' , TIMESTAMP '2015-02-01 19:54:58');
INSERT INTO Messages VALUES(69, 59, 63, 'mhfhrdtdnmejiotmoocdikquf' , 'fmkbndtiweuoqs' , TIMESTAMP '2015-03-04 16:56:12');
INSERT INTO Messages VALUES(70, 70, 15, 'jfcrdqufwrshiehxitmtht' , 'ikngdpiufcltfdaqxnnokvefifkdouuntu' , TIMESTAMP '2012-05-05 16:28:43');
INSERT INTO Messages VALUES(71, 35, 51, 'akkmvpjqwpnafjkglepnfdaalim' , 'bigohojutxunwcnumsbrnbsdascsiledgwsbnkquf' , TIMESTAMP '2016-03-01 12:44:18');
INSERT INTO Messages VALUES(72, 39, 79, 'ibjaltoavxf' , 'psfsbqlnjqerqwmwroouxlousplgvndexksddslkphrtomcpcqjwsggudkehovqugjrrmixnbw' , TIMESTAMP '2013-04-06 16:28:10');
INSERT INTO Messages VALUES(73, 77, 20, 'uqftcgpxdvpmqtfhooeb' , 'kcogmpaeghuttnumsnmcxwismdkwivkjwpvrgvimajobednnhnhoi' , TIMESTAMP '2013-05-05 14:42:46');
INSERT INTO Messages VALUES(74, 16, 92, 'jwwglhqklalduhubhtb' , 'kecndvunxgdcuoufxwebkrqxwxdebrnflpgfdehfblisilefkoodxhgv' , TIMESTAMP '2014-05-08 12:33:24');
INSERT INTO Messages VALUES(75, 4, 74, 'cjktdcrmsxai' , 'cisatgxxrsssxoerbviqffvoxsuufrbfboxafsuhimeuxlrpxvpogxgcrkibqwtnwwjrf' , TIMESTAMP '2014-02-05 13:49:50');
INSERT INTO Messages VALUES(76, 71, 53, 'wlkvpofcdltvxmlr' , 'mntxwcgxguffhkvsuif' , TIMESTAMP '2016-04-04 17:11:53');
INSERT INTO Messages VALUES(77, 34, 80, 'fhcqwdowwcpv' , 'mmawnputndhcnpkmmmpqbpvpltaaeootvwfulqhohvhkdkgdhcgwmcqlaaqsaboneoi' , TIMESTAMP '2013-08-04 22:54:37');
INSERT INTO Messages VALUES(78, 61, 8, 'ssmdrgndimngdsdquq' , 'mqoxkbrbliuxfelsblljkmgdqpcnssjpdilndqxhwibfrlnlqgrnntbhmimekiubddlm' , TIMESTAMP '2014-04-06 21:18:15');
INSERT INTO Messages VALUES(79, 75, 49, 'tslnvvbbkhekuesrgc' , 'dsclqcthbkdllssfujwrbmnvspkqskhionddkgqwcptbmfjdqslbquwkchcphfmohgbflssdplxksqrbler' , TIMESTAMP '2015-06-05 23:31:32');
INSERT INTO Messages VALUES(80, 67, 77, 'lfncslncknttustcjqdlmktkvbmpr' , 'jexfkdgsijrntcfaopbqudmvuvndicdimtvsrxmurfefeib' , TIMESTAMP '2015-04-01 21:12:37');
INSERT INTO Messages VALUES(81, 15, 48, 'pthraefixcxgqrnmbhdnjop' , 'tfwgtaldlldskwhbkkhmusqnsusjrxankhepldojgabrvgdmrqpaojrres' , TIMESTAMP '2015-05-04 17:37:34');
INSERT INTO Messages VALUES(82, 73, 38, 'lqsumhpqojnehbugkend' , 'draxvpwtrceibdgadheqrpnbqikmvxxsdtmvkwkxbjqfumvpapipt' , TIMESTAMP '2012-07-01 12:56:26');
INSERT INTO Messages VALUES(83, 25, 4, 'wpvkktmuewpqgtbuu' , 'rkhejeakqtlvgoklupkmwsglwixmwanqkmewxj' , TIMESTAMP '2012-02-06 23:56:49');
INSERT INTO Messages VALUES(84, 54, 3, 'uakjxitmmles' , 'tetgdshahgoakschpvabxuwuafgdwraddnhblwrfdgkixhknslchiohhajfanlucefqghdcmis' , TIMESTAMP '2016-09-01 22:25:39');
INSERT INTO Messages VALUES(85, 3, 67, 'blaptkepunrrqaltfm' , 'rkwrtwinjegbvmwnvnfqepk' , TIMESTAMP '2012-03-04 14:18:58');
INSERT INTO Messages VALUES(86, 63, 18, 'gnuoilxodcgwgwchtnedjqvro' , 'nrkiakouknlblgqlgplulrainaxtvjqrftsbrhqhpfnuhmhnooovfwiiopfngsnw' , TIMESTAMP '2015-09-05 11:59:45');
INSERT INTO Messages VALUES(87, 22, 41, 'ikwnutjfngskaretpdm' , 'lkewxxumipdlrwmemsmjsjhsljcsqktffjuqfmxnwvesefvnrososeqbvjfwwvxhqpsnacipggcjfbvfccaijksts' , TIMESTAMP '2015-03-08 18:25:16');
INSERT INTO Messages VALUES(88, 58, 46, 'bevdhsxtmxxixatbtsi' , 'fxaqrdxoqonoqurmiadlgqucijnstsavlxgjhugrarhewfcgpdpvncdptadhmwhgh' , TIMESTAMP '2016-03-01 21:47:59');
INSERT INTO Messages VALUES(89, 76, 22, 'ptfhxhpgdjqdejcljxsxhaddbfn' , 'hfsvgknsmrxjolhsarfcauevxccvnnvaaflajggddmkliseiktcrtprsspoiluvhbchussmxhmfxgduchtsu' , TIMESTAMP '2012-09-05 23:55:25');
INSERT INTO Messages VALUES(90, 61, 3, 'beowsoodding' , 'knsbscnuwrdeocdigudfb' , TIMESTAMP '2016-02-07 10:23:40');
INSERT INTO Messages VALUES(91, 12, 33, 'kqhlrvxgkutsdthswthcntojlcaev' , 'melebrxxdjbjcb' , TIMESTAMP '2016-09-01 13:13:43');
INSERT INTO Messages VALUES(92, 96, 31, 'rgcfftxxosfcwcxv' , 'cesckvtagwaqmchquxnmxtibicheivjowrspsrulkisfohqxgpgleutbmpxwaoivprgnnecgwmbqeigljof' , TIMESTAMP '2012-04-06 17:33:36');
INSERT INTO Messages VALUES(93, 25, 11, 'uhslljhhcauwgpn' , 'bopqpooboitmxnnnvakwrqddxcsejdamhshhhubaormhlmkcurrligtxautgsxfomiikkmmqufkq' , TIMESTAMP '2014-01-04 15:59:21');
INSERT INTO Messages VALUES(94, 87, 70, 'vfqjlhfxqlok' , 'wljbfcwjdvwfvupqdpctjthxmwqnixwenxhndgkgsurkevesoihkjmbcxinxbvog' , TIMESTAMP '2012-04-03 21:27:35');
INSERT INTO Messages VALUES(95, 73, 58, 'chinrcestgpktrwptekl' , 'qcxbcqwhjjjwiwpaeiqldigrhnrwowvpxptnlqriwjwabcwhvgolfivpqwibckawpq' , TIMESTAMP '2015-07-01 11:37:41');
INSERT INTO Messages VALUES(96, 9, 78, 'nqabalsoit' , 'jjpqrecwlljwmoxtvndnqsdirbcgiqvgtvthrrcnjhpwaifkbwxnot' , TIMESTAMP '2015-07-09 15:19:52');
INSERT INTO Messages VALUES(97, 31, 57, 'cropndoauqefreqs' , 'rdsdttdaahquwuliavudojlhbwgmquxgjvvcpqggfmooucocptmm' , TIMESTAMP '2013-04-01 17:58:33');
INSERT INTO Messages VALUES(98, 54, 78, 'gatqnpedodiuuoqommjubhuprk' , 'qixegjmsamhupjdfdilmgkkkfhvgsfbwhbwengndkhgurkjblmoned' , TIMESTAMP '2013-06-09 20:21:40');
INSERT INTO Messages VALUES(99, 72, 29, 'knptuijirshqngdike' , 'hvdllmjjtdaoafqgvacdibigmhhmulgv' , TIMESTAMP '2015-01-04 10:44:39');
INSERT INTO Messages VALUES(100, 41, 39, 'aepfnowedxex' , 'ruckiedepgpaurqk' , TIMESTAMP '2013-07-03 19:29:32');
INSERT INTO Messages VALUES(101, 66, 24, 'gmbdvardtmljvk' , 'lifktrfhkmbdishdnisvosbnpwirrfnwbms' , TIMESTAMP '2015-06-06 17:17:34');
INSERT INTO Messages VALUES(102, 98, 93, 'uacpshdpwgchsh' , 'pbltxjxsueuwhswrxmghhptnrstskohapkuhvqohpqxhigfxqkkgdenrvknjkagiklepbkmxnjssqlnngd' , TIMESTAMP '2016-05-01 21:56:32');
INSERT INTO Messages VALUES(103, 37, 49, 'enijdjqbjlp' , 'kettvecxutcokmlfboxieprrxidxhpjrtflvbvbkwvooffxnjrfpoufubdboxlalliaortmj' , TIMESTAMP '2013-01-06 23:54:29');
INSERT INTO Messages VALUES(104, 15, 16, 'swvhjnehachrpboiwq' , 'airpketvhnvawbigmhaxhrxrxbgrsqrfsknnmnqtahfaahdvpebtqljkqmgojldimmjjbhurwml' , TIMESTAMP '2016-08-06 17:12:22');
INSERT INTO Messages VALUES(105, 28, 53, 'xugatotkkt' , 'sdsefxdtfgclpxqnamilvudbdsjebsvhamlelrahjsoofjlnopnpauewouetbpnbcj' , TIMESTAMP '2016-04-07 17:18:24');
INSERT INTO Messages VALUES(106, 7, 12, 'vbvlcaaudlrltpsoxdxmmag' , 'qriqjrpvgtmtinoqugisaoxqhvgsttjnwxtgfduicucruakofilpivaguhiakaegxpmngaojwqubsxqddw' , TIMESTAMP '2016-04-02 13:59:44');
INSERT INTO Messages VALUES(107, 53, 75, 'vjdxpmaqqsrtfcw' , 'xuvsruqprlusiejuqmkurllvppcsehufgvvpevkrkcpkhqqrxugcchbwqbmkxdccsnkgqnjkxjfmlecxoulmnvgi' , TIMESTAMP '2015-03-05 21:45:42');
INSERT INTO Messages VALUES(108, 65, 44, 'cmqbbosetoaujqksuoxqoguqnp' , 'fffwrjernoqbhmdmgkqwbvfen' , TIMESTAMP '2012-01-02 15:20:19');
INSERT INTO Messages VALUES(109, 89, 89, 'ogsshmmgpgvx' , 'djnfuluihwknalbgrqx' , TIMESTAMP '2014-04-07 13:36:13');
INSERT INTO Messages VALUES(110, 17, 88, 'rhlrsrfrrpgthxpublpbjn' , 'aljqnkjqjughebbsltkdf' , TIMESTAMP '2015-01-02 22:42:30');
INSERT INTO Messages VALUES(111, 6, 89, 'qodcmxkoemdabxbbowoscqedludbi' , 'qwqpwbuedhgtccnxqfwoncjqjkm' , TIMESTAMP '2014-02-08 11:42:29');
INSERT INTO Messages VALUES(112, 17, 35, 'dfrjguktxgqrjhpvwjcwklledps' , 'fpscllrjajgedbehaenrdbknxdwinldxivemnrbmabrbcckhxbefldtlnqdkdfwtvnraoevj' , TIMESTAMP '2014-01-04 21:42:19');
INSERT INTO Messages VALUES(113, 24, 49, 'aomestphoftuiaxuftaqalgsiut' , 'wgmlnqkpkdskdfacmbtvmqjqgwdmdtunnudqhvxbaospohouhjfekdfrmwpqxfqnvmjokljopplqlh' , TIMESTAMP '2014-01-05 18:24:58');
INSERT INTO Messages VALUES(114, 64, 67, 'owgeopevjsdqcwubuua' , 'whxdqkselnsnxtltoelmfrvctjchkphtdgjigcfoomeadcdbrajmgpkiraruogsegvfal' , TIMESTAMP '2016-05-06 23:33:54');
INSERT INTO Messages VALUES(115, 45, 72, 'lnalcaxpwjauttdoddsnikg' , 'hwadlhrmdvxejwurqneprwtgcoixuisjxkgqegkvxubqxnmjdsrhsdkihtupqjstjsoecreiji' , TIMESTAMP '2015-08-01 23:41:55');
INSERT INTO Messages VALUES(116, 57, 98, 'rvmwvprxpistjinbillkxebscm' , 'kaqltdaffqemvvrwfmrwvtjtpuegqqentdarpmbibepaeirjuecwlwwalftosevudo' , TIMESTAMP '2015-03-09 21:23:16');
INSERT INTO Messages VALUES(117, 34, 85, 'rcujwhfxpwxnbuxv' , 'jsrgfqrbrmipaqeoqnqvaqqghpagotqgmiasnauowwvj' , TIMESTAMP '2012-03-01 19:15:38');
INSERT INTO Messages VALUES(118, 31, 22, 'ctmdtoatlbbtfrrmmmbveaqbgo' , 'dpnuklcthtnfdbidotqeseoxwlxggnphigvxbhanwehbpwfpnideuaieueufrvsttndrijpr' , TIMESTAMP '2015-08-09 19:26:35');
INSERT INTO Messages VALUES(119, 64, 61, 'geiugdumrj' , 'dcpratvbvojgkkotgxeslmajvnrbxdocduhftrwcigsiouilksnhjdfshabqjojihsgerrcof' , TIMESTAMP '2014-04-01 14:25:25');
INSERT INTO Messages VALUES(120, 70, 58, 'anvnbndrenofencbbaoeirfvkeemld' , 'qcdxwrldckbgorrambcgbghfqsxtpdbasbxetvgldnatqvgwkpftt' , TIMESTAMP '2015-06-08 15:11:39');
INSERT INTO Messages VALUES(121, 65, 56, 'rcanjatbpokvj' , 'dqkiidrqdcwlvphtxsblmjlrwqdinwehompsargks' , TIMESTAMP '2013-03-04 20:53:33');
INSERT INTO Messages VALUES(122, 97, 32, 'sqheskaumjnxn' , 'nrdkuexdgibospsmjxlbkiilmfqshhdipnakwqkeetxmgqfuqvrsqvnnjkfoij' , TIMESTAMP '2013-07-09 15:42:22');
INSERT INTO Messages VALUES(123, 24, 92, 'mcvcdhaokrq' , 'fpekasguwujaqfpssltlxvgluevasxhjvjutkbapvohhqvtdpijfifcnbqvjsokujhbbmhqvirthi' , TIMESTAMP '2014-02-03 18:16:26');
INSERT INTO Messages VALUES(124, 15, 89, 'duignvtvrevhasxbkncbnputlhs' , 'wwdwdswsjpjnuuiscjwicwtnewkpqkovpcbvihixaevvrlcw' , TIMESTAMP '2012-06-08 16:12:27');
INSERT INTO Messages VALUES(125, 80, 23, 'jncpuibvlxfxjxw' , 'tlmojpnhiocokpwilktbabtkobqfmqirhqrbabvglvcnpnjunbavhngnghtgiucamsexlabwvkf' , TIMESTAMP '2015-01-05 22:17:52');
INSERT INTO Messages VALUES(126, 89, 29, 'iakpetwgrolpfqowjgs' , 'bpoahhsiqodcwfomvej' , TIMESTAMP '2013-08-05 13:31:53');
INSERT INTO Messages VALUES(127, 39, 57, 'xgvufivtlnqhhepeaecnsdmssk' , 'epsfubpcsbkhctfbqmiouvqmqjhmpjxbqrprhpahvxbbgopfqbbtlbxxuvshlmgtvoffunnwrvjrmnorlcdtwhm' , TIMESTAMP '2016-07-09 21:40:52');
INSERT INTO Messages VALUES(128, 8, 70, 'iwnniddtgwdiooiucmipltqrmv' , 'ndapiehfidmdxgurhnlhhxgaecavlwukcxjbggmbpdwkaqoitmkcblpghhqlmgkcxxwjvbafatnedcrfbkouwtjo' , TIMESTAMP '2015-09-02 11:21:38');
INSERT INTO Messages VALUES(129, 84, 66, 'kdqtaonxdutgrdwq' , 'cjequdnwafdtcarksmxrpmmoxvjsw' , TIMESTAMP '2013-09-02 13:10:24');
INSERT INTO Messages VALUES(130, 88, 1, 'eifcwdvuatviempfbru' , 'xkbsskdurdtevqnfppsbscguqrmhjvfmv' , TIMESTAMP '2015-09-04 22:58:14');
INSERT INTO Messages VALUES(131, 2, 22, 'ouvijdttwectni' , 'vnqalmbfervppdrshvwtksgrepqisbptqteftdmvksvmhxcdmqfwruuprpeieskbqwrs' , TIMESTAMP '2015-02-07 22:24:12');
INSERT INTO Messages VALUES(132, 55, 1, 'isaqpjwcahhkdfxvvprbjrx' , 'gtnwulgcqmhdpihsqpaujmpwdqobkgubekkimhwsgleusragwcjtdbhb' , TIMESTAMP '2012-01-03 22:22:11');
INSERT INTO Messages VALUES(133, 65, 58, 'rxacqfwffitwmmwfwqmxucebjn' , 'fvbpefqgiiatenswtagwclbalbewpwcopkwmomg' , TIMESTAMP '2015-02-02 13:42:45');
INSERT INTO Messages VALUES(134, 78, 86, 'pcahfburdvdrqtahnnvcjfh' , 'vxigckdjgkcgovlmnhrmdnhkjdhtikikjcxbhxuailfntarbmistdlvdkm' , TIMESTAMP '2012-08-02 18:15:51');
INSERT INTO Messages VALUES(135, 87, 69, 'ddricjiprhkttctsusahn' , 'velmeujtkdkrtfqiwikmtaxcinkmtkohcmibov' , TIMESTAMP '2014-04-08 23:41:43');
INSERT INTO Messages VALUES(136, 62, 26, 'knlghsmfvajakpq' , 'xjhenfcfmhrftvvqbijgcffnnhfpklavrim' , TIMESTAMP '2012-02-05 10:41:15');
INSERT INTO Messages VALUES(137, 62, 51, 'avsxhwtqgohvhcagsbjeuljtuxwflu' , 'uabmifiwobuwjluucxipljiuklmereoqkqmmpgbnhclavxpjtiivethmgsnowatrwvkurwhthuoiuxxsdwgf' , TIMESTAMP '2014-04-03 16:41:14');
INSERT INTO Messages VALUES(138, 53, 51, 'aamkqjcrundms' , 'uhjmqigegotngpnwonhjbfsqgmgwgncjptxc' , TIMESTAMP '2012-02-01 18:34:47');
INSERT INTO Messages VALUES(139, 53, 20, 'neqhvrapttaralmu' , 'skiwrxcjxngqd' , TIMESTAMP '2012-04-06 19:57:18');
INSERT INTO Messages VALUES(140, 75, 31, 'qxwofxsvacaicurendf' , 'fsgtiawnhufhmhcgdoseodhjaxpitwgtmpwuewck' , TIMESTAMP '2014-02-03 16:43:29');
INSERT INTO Messages VALUES(141, 98, 50, 'cuqkrokxokwmmjk' , 'xbwdumnrcbtqwhxhojddldohjisicnjaovsfpjkurloxhinbqjksregemueivjgnnewwiuoxcwrmwfs' , TIMESTAMP '2013-02-02 13:31:51');
INSERT INTO Messages VALUES(142, 37, 70, 'kiwstgxketltbgtqghbabm' , 'tvgcidgsdpracnttrxpa' , TIMESTAMP '2015-07-08 20:40:43');
INSERT INTO Messages VALUES(143, 27, 50, 'gcebdsbboegpmiefsuusgcgbgu' , 'lnhvvujdpnjotskloutdgigjqtl' , TIMESTAMP '2012-07-07 20:42:17');
INSERT INTO Messages VALUES(144, 19, 18, 'cugdpbknirthgncfhglgtajtkwdsj' , 'uxeorafaltcumhvkgevhhqburgvdnvvoik' , TIMESTAMP '2013-04-04 23:39:41');
INSERT INTO Messages VALUES(145, 23, 41, 'bkoolamoprcvcmtcwmunxnmidq' , 'gpuxholefuwkwrgcgsaxqbuliedsrdcuwdpbpipekxrsdbtektxhicbnfmieasonmcwperbstgfhsblexk' , TIMESTAMP '2014-05-07 17:32:30');
INSERT INTO Messages VALUES(146, 46, 75, 'dnaomcfpjxgblowpghthx' , 'caxxiubnpnghdmsviukwsnncjnuwpaxroqwdlbawrdmeu' , TIMESTAMP '2015-03-06 21:35:24');
INSERT INTO Messages VALUES(147, 25, 40, 'qquhckutrfuxgcjrbdvrjp' , 'hotnkeoxksrsmqr' , TIMESTAMP '2012-08-06 19:33:15');
INSERT INTO Messages VALUES(148, 99, 56, 'diisbhixfkrbtwug' , 'wcothuapsnknhemqlokajquxosesmwmnnqrxsaxfxklsuhhulenkiqujkuqwfkbwracjdwt' , TIMESTAMP '2014-05-05 18:50:47');
INSERT INTO Messages VALUES(149, 2, 51, 'pqmsnjhklx' , 'fuilxgmdbtpkebxubdeqsrxrqdav' , TIMESTAMP '2012-04-06 19:37:29');
INSERT INTO Messages VALUES(150, 96, 74, 'tmwshreltaifvalpuv' , 'vfoxqmtairuvlmvhaogsuwoqwupoofephmx' , TIMESTAMP '2012-09-09 15:53:31');
INSERT INTO Messages VALUES(151, 69, 88, 'leaqbesids' , 'suirqolhobeejdnhknrxbc' , TIMESTAMP '2012-07-04 19:40:53');
INSERT INTO Messages VALUES(152, 85, 65, 'oqrplsvvwqjvfnxudhkwrhjq' , 'ehjklgdwfuusfoukescgtbhknihawpxqlkhphgwvageimlbwdspacpwtjxeasdocoiqxwevatl' , TIMESTAMP '2012-06-08 16:32:19');
INSERT INTO Messages VALUES(153, 26, 7, 'fndbqkcgxqjdjmpptmfktwgvmolb' , 'kkarikigpowscexabibkcrienqmvvbqs' , TIMESTAMP '2013-03-02 13:48:19');
INSERT INTO Messages VALUES(154, 29, 18, 'uowkbhuhkikhnccn' , 'rougqjoujksmxkvuihxfjjjpabioqkjovxjknexporbarbqldjbiudiswctoeiqaumenlhkelvund' , TIMESTAMP '2013-02-09 23:47:22');
INSERT INTO Messages VALUES(155, 54, 92, 'ixkckbspxtxjowoannjfixncrnrpcb' , 'kwglsfccqongdhuuwpxjavlsikuxtrloegqlommfrjwuweihbhnckxbeaqvgtofaugiftdmxnmtg' , TIMESTAMP '2012-06-07 20:35:56');
INSERT INTO Messages VALUES(156, 11, 97, 'ppfrtllnltwatwvvelqdxol' , 'bhdfxudepglhcjgmsepcdjawbxochkeqxuculvj' , TIMESTAMP '2012-05-03 18:35:21');
INSERT INTO Messages VALUES(157, 2, 54, 'pjhxkxlpvtfogohcgfhthoxqtlov' , 'aufacsjnoqccuqqmwh' , TIMESTAMP '2013-06-01 18:19:14');
INSERT INTO Messages VALUES(158, 36, 55, 'ehrsootlnrvhlawsdpkcamluiwitea' , 'mhngfioblwxhdqxpiwoxtpjibhqfwnrhhxwrvcrsncxefjkarareda' , TIMESTAMP '2015-01-01 18:37:13');
INSERT INTO Messages VALUES(159, 14, 84, 'iuuppkendxhj' , 'nprnemhxnakxbraoqjqwfgneorphcfmtlwurlmsxtcgxhppxnbovmiwnbopqubrsrdordpqntxkiwo' , TIMESTAMP '2015-06-05 20:44:39');
INSERT INTO Messages VALUES(160, 3, 31, 'oxiebqvxcqkpgbompscmkbpvbii' , 'tscbrahgvvkmlsvrbghktwrjxfpspaekubfvpnasmuwfinlcbehrurukifivstngdjdeuspfs' , TIMESTAMP '2012-09-08 13:14:19');
INSERT INTO Messages VALUES(161, 95, 61, 'vfnpltgmdhngxu' , 'flldpblsbhtohbluvdlxoqlcjiccvbdgrvrevmtjposewxphlxjlnnfilxwwurmlsabanrgsesulxngsi' , TIMESTAMP '2014-09-04 20:18:28');
INSERT INTO Messages VALUES(162, 5, 30, 'vajlaefqftmabexwwpnoqqqa' , 'bismsgdcupemmtrvdrfdrrudbfjgifilxggcrwudwglbvebwamr' , TIMESTAMP '2016-02-01 22:42:44');
INSERT INTO Messages VALUES(163, 74, 40, 'pbhvldbdaxcaset' , 'vlkpkagpcjgxsmhnmwrpgfmwaouppdglkeomvghqkcosiudtvdmaaqqnmqnhk' , TIMESTAMP '2013-06-09 20:55:19');
INSERT INTO Messages VALUES(164, 10, 26, 'owngiupgirnwnwjqe' , 'hsmfdsnnbwhhaexlaluutfakqjsfkjak' , TIMESTAMP '2015-08-06 17:25:50');
INSERT INTO Messages VALUES(165, 25, 41, 'oftqpepbuslta' , 'pttxqoewfsuattfibgsbgdqwfmcutmcvpotsale' , TIMESTAMP '2013-09-06 13:11:14');
INSERT INTO Messages VALUES(166, 9, 41, 'fxalqqnxxdvonmplxx' , 'ufuqchwhurkrlndmxmc' , TIMESTAMP '2012-07-05 19:47:47');
INSERT INTO Messages VALUES(167, 43, 85, 'stqbpjqqoxevhdpjaadhkcbnknf' , 'mwbsllleoowehekfvebwmeqfwnvkqgtstgqmwdhpvpgs' , TIMESTAMP '2014-05-09 11:10:57');
INSERT INTO Messages VALUES(168, 33, 72, 'hxngpcqsrgk' , 'ikowwqqjontvlvhmamctmxc' , TIMESTAMP '2015-09-01 12:16:53');
INSERT INTO Messages VALUES(169, 14, 8, 'jjboruxikvbvhsr' , 'ffitdrlqmrksjnrhucqsqmfiucriwhafuasrfxppxdpvjsouaepgqvatiwtqiq' , TIMESTAMP '2014-03-03 18:52:44');
INSERT INTO Messages VALUES(170, 69, 3, 'fwwpvwdubnjomk' , 'nrvbrhmciooawioficgmvbfcrcxtxsprcedxqjemerrmwxxqrtpe' , TIMESTAMP '2014-02-03 15:29:35');
INSERT INTO Messages VALUES(171, 43, 36, 'rqfuetqqwilkevegxmtmvebcgt' , 'orhaalmlouxeswkjociniracaloaoiusarrjbcqhowrscpeurjblrrnjehxkcvrvulcklb' , TIMESTAMP '2012-02-05 11:21:29');
INSERT INTO Messages VALUES(172, 6, 35, 'oduenmjftdtlcjvtttxpsmauv' , 'jclfvtbvecxnxs' , TIMESTAMP '2015-01-01 13:25:32');
INSERT INTO Messages VALUES(173, 88, 88, 'mesivnvabt' , 'stahlhdvqllehdlprtsamfghikmlgfwvqdrmjxcckkvwwxktlvnownxmjlgcdcogeqsldrlsxpudggq' , TIMESTAMP '2012-09-04 20:38:42');
INSERT INTO Messages VALUES(174, 7, 52, 'fgglexwjowifqdjkwtqlebmdc' , 'cwoddmljnchnauscjlsm' , TIMESTAMP '2013-08-03 14:45:47');
INSERT INTO Messages VALUES(175, 13, 96, 'gvjgvvmordqeguqigk' , 'rbmectuiummuqfgapfhoqdinvojcsrbikswqqjfui' , TIMESTAMP '2016-08-09 20:59:26');
INSERT INTO Messages VALUES(176, 2, 39, 'ohwlaqdgkveeamjg' , 'vbhpqxnntebrxeegwfqml' , TIMESTAMP '2016-04-04 16:22:40');
INSERT INTO Messages VALUES(177, 20, 75, 'jeiofskjkgftkolxlrefwa' , 'vuxovlhaqojbftqnjgdrctxjkrvpuknhogookhaidxiijnqcqxrel' , TIMESTAMP '2013-09-09 22:15:11');
INSERT INTO Messages VALUES(178, 42, 82, 'pawhweirgdww' , 'ngmglaktkiggaigtcfcqhimefnwfgihbgljnumsjdteeusturntnqimdcildpbglqplcbjfcbpfkpujitgl' , TIMESTAMP '2012-01-07 23:54:44');
INSERT INTO Messages VALUES(179, 41, 47, 'ohdxhwsvsitbhdmptdfdnoh' , 'lhnwjfxdrpwowoktkhgoitfoenggwadafsioqbwppjhsjxdbpmjvfjcsjeaqufmnfxucnotqfjkodu' , TIMESTAMP '2014-01-08 13:56:54');
INSERT INTO Messages VALUES(180, 57, 28, 'xlnmtifqpsnvm' , 'bevmdpjtidngfqfpqhtxdpaxulioildp' , TIMESTAMP '2013-07-07 17:25:39');
INSERT INTO Messages VALUES(181, 48, 39, 'fkoeqxbhhdwmxutmkpqcddlcxjr' , 'pthbcgosqnfmrlqblfholjbek' , TIMESTAMP '2015-08-05 10:32:56');
INSERT INTO Messages VALUES(182, 35, 93, 'xpvcwafrbluxibmlmvjiwmpe' , 'nihcuoreqtmdusjclronewnvflidepqdjt' , TIMESTAMP '2016-05-05 23:58:20');
INSERT INTO Messages VALUES(183, 68, 94, 'bcbdexcnjhhsasvqptnpa' , 'hqonxuoniclxuarjfeldoqqslrixacfufkvkowtcamnohfqlfohwgetixr' , TIMESTAMP '2013-09-08 21:34:30');
INSERT INTO Messages VALUES(184, 85, 61, 'pqewqhtlopmsooau' , 'quhmnpghkgwwhilqunnlbtkfiibc' , TIMESTAMP '2016-01-06 12:14:37');
INSERT INTO Messages VALUES(185, 98, 88, 'kdianslopdicufegpaw' , 'npcuikfhrcax' , TIMESTAMP '2015-06-01 15:50:39');
INSERT INTO Messages VALUES(186, 33, 55, 'xaglmkwsmnrqpwhn' , 'becxvfarhcgatbsgjhixttiovjcbvan' , TIMESTAMP '2015-02-06 15:34:45');
INSERT INTO Messages VALUES(187, 10, 20, 'anksxoxkmqxekorgkppg' , 'vfvtuuahfkkbkqgwuihqqakxihtpfdndsnopnkosgoaisxikjlfadxqvjwcvakvgikrpchgbjujratppbg' , TIMESTAMP '2015-05-08 10:40:34');
INSERT INTO Messages VALUES(188, 80, 87, 'cpsddibckbvakjabaxnbiehcsh' , 'qmudcbxkhhlmbwkwluhddgawmjbfmphpmftnrawonppfdmowwnewuxrpe' , TIMESTAMP '2012-03-01 23:59:42');
INSERT INTO Messages VALUES(189, 91, 11, 'aadafliaajxkaexllhgilfnrmwofuo' , 'niexaimgdbrdsrdoqhqxhpdgunoqccuorkihkgdvdugfkefixgmhshjlotvc' , TIMESTAMP '2016-01-04 13:10:29');
INSERT INTO Messages VALUES(190, 4, 14, 'gblnnqvwqxuugjowmxli' , 'pvgovihrmafhfsqrqikoaufdjpbrnpsddtfsbelwqdhuwbbpcg' , TIMESTAMP '2016-03-09 22:19:14');
INSERT INTO Messages VALUES(191, 95, 90, 'kwtithvxmbqmjikpqfukqekgirjl' , 'piurmrwsvbttjtglmdvptvwqwgaxxtpxggtiohgeaoqcborqlnsgnjaoqvgppigaroljxawgextfwgioqnkkrc' , TIMESTAMP '2012-01-07 15:17:23');
INSERT INTO Messages VALUES(192, 34, 43, 'nxirtsbkprjhdqxiqx' , 'xsfuicrvfoervgcgmwiuolxuvuwltxwkrewgnshpcukxsaoawev' , TIMESTAMP '2016-07-07 21:11:18');
INSERT INTO Messages VALUES(193, 76, 21, 'iwdmdkficqmcfmpegnucbpamqren' , 'cqravwletwtohspmuvjftfgcrjgrnbpqhrml' , TIMESTAMP '2016-02-03 15:55:19');
INSERT INTO Messages VALUES(194, 25, 87, 'wfqwuifwerhrhuod' , 'rsgaujwqiaepibesusvbmwuievneupajtfehqqdoedboxljjfqoefldqwxrhwmtcrwgikecirvxhbnwffuosga' , TIMESTAMP '2014-04-03 20:51:45');
INSERT INTO Messages VALUES(195, 99, 19, 'pibmicatdilfli' , 'lweiwmaviihnfhvjhjoabtfbdxkqvrtahwlrulphhxnpghioluopkskru' , TIMESTAMP '2015-09-04 20:26:43');
INSERT INTO Messages VALUES(196, 6, 44, 'mjpsjswxixxhiektllpvt' , 'rxxxhtraqnwqtfrmijudfxuljqxj' , TIMESTAMP '2015-04-08 23:25:10');
INSERT INTO Messages VALUES(197, 48, 46, 'cndrsndlcijx' , 'wnegxetagoscdaelhenkatmufvjxtvnpnlrsspxrjhvvpviuj' , TIMESTAMP '2014-01-04 10:57:54');
INSERT INTO Messages VALUES(198, 77, 69, 'wbqinlslmjwi' , 'txvuadjfeqcdaowe' , TIMESTAMP '2012-09-05 23:54:17');
INSERT INTO Messages VALUES(199, 7, 32, 'fhifsmkjpbjhvmmpkdujokjvhn' , 'miqvoujtbaojkhrampfosatwsforjdxtnofbcdmwuabmoiixfltvnbpsnhuqbcbmmrreihg' , TIMESTAMP '2013-01-08 16:11:10');
INSERT INTO Messages VALUES(200, 16, 8, 'vcvlrduharjcjamhtasmubkmt' , 'hwxlxqaxlrddxkmijaeqwsrxijuteioehjuhjssvkkedqmxvlhguppqcbuogfesaequktqgagmpwdqnvls' , TIMESTAMP '2016-06-08 17:14:47');
INSERT INTO Messages VALUES(201, 30, 53, 'tntbifahsiivdjbsukkmfgi' , 'gtfrmlkcivgkbfhucemqwffbhgknnhrqmcdnxof' , TIMESTAMP '2012-02-05 17:54:32');
INSERT INTO Messages VALUES(202, 90, 62, 'sodrvaapajmqarjqusnf' , 'bvchvvaeqcdfcftfnurvmwjgmkineektbggachgeldwjmpvbbhbxvonupiwbhxlmkr' , TIMESTAMP '2013-07-04 11:46:28');
INSERT INTO Messages VALUES(203, 11, 85, 'ihfeiwtmjqxiwhongrdopbswursh' , 'gintiodufcpmbdtelwdepohnekmabbdmbifxhebuadmdevuoaqrhmbaxmwg' , TIMESTAMP '2013-01-04 17:37:14');
INSERT INTO Messages VALUES(204, 94, 8, 'elsscxigrnhsrsceoikojxerlsqrmu' , 'fjvsjtfqcmlmvfciudbjwrvdsgwaqwtimxcjisqambravivhhuibiaeltgerwsheqsxlssgcjfmivfi' , TIMESTAMP '2015-05-08 22:26:15');
INSERT INTO Messages VALUES(205, 69, 62, 'ojbocfwwxilnqcuuka' , 'lknnigwscfaxpkrbwlptjrbglaiikojsjbcmvawlstxtrpxhiblnouvxboemoucnu' , TIMESTAMP '2016-03-06 14:32:51');
INSERT INTO Messages VALUES(206, 76, 87, 'mqqpjaebanallgcsfjqdjpjowcs' , 'ltirtrpmnmwmdpqffthasq' , TIMESTAMP '2013-05-09 19:39:36');
INSERT INTO Messages VALUES(207, 78, 29, 'mfuutostaa' , 'amwxkdcnqrvbruamifkvwmkttpmdhwrglxgbvjhcqhuvcdbqxlursfqcmlgoftt' , TIMESTAMP '2016-07-05 16:54:47');
INSERT INTO Messages VALUES(208, 45, 86, 'xkfgtnecjgplmb' , 'seaabtrckpdcpeswvfsgspalfdlcenrbanxvocroxghpocagbwqebfvb' , TIMESTAMP '2016-01-04 13:49:35');
INSERT INTO Messages VALUES(209, 88, 79, 'wjadfdbgnrmhedn' , 'icpprktxpcavcjjrbxmmkfotpkmbcdexpvsdqswlgwdutvddeufpdijkmocsnacaijddfvbkiiwfccnw' , TIMESTAMP '2012-09-02 12:13:40');
INSERT INTO Messages VALUES(210, 97, 14, 'lhdadkqrjvoqjas' , 'wtwsfgubrhncadqsleowktjcwtvgqspfwuclgn' , TIMESTAMP '2013-06-08 15:50:37');
INSERT INTO Messages VALUES(211, 2, 59, 'vvlovwjqwshtd' , 'ladsrqerfstckjikbfngnvhqdwwoadxpsbatq' , TIMESTAMP '2014-01-04 13:46:24');
INSERT INTO Messages VALUES(212, 61, 22, 'ehirdcvuuejb' , 'lkodrtkbtoxhwekjcmipxxkaeuipofunvuvktlnjfxuieqdbfamienwqqvhux' , TIMESTAMP '2014-01-03 18:18:36');
INSERT INTO Messages VALUES(213, 71, 48, 'xemgobkalvmpckhrbcughdg' , 'hwsulatlhskbudhanowerwawnnfxvedkpvwufmexfemcwwsmjtjhcdwkrhmxrictvkf' , TIMESTAMP '2013-07-06 11:26:10');
INSERT INTO Messages VALUES(214, 52, 85, 'uqlfcjuansbcsgkqseadcd' , 'grdnkdtrblnplnkqhrtnklnmvxqegbulwtrpsjkqawmuabjnebdvwvpbvjimclncfuifakmemjkpibiatlptkwhws' , TIMESTAMP '2013-07-05 16:45:19');
INSERT INTO Messages VALUES(215, 71, 64, 'lxkwcjrldhtffplcdsibvlsg' , 'oxlgceuxexnukrcvjjdqedr' , TIMESTAMP '2014-05-04 20:28:36');
INSERT INTO Messages VALUES(216, 75, 99, 'rjjpkbsdueptfubkiffgb' , 'mfsunctxouwwruihljuharbfswukjkqdmrrufsjtljsgjeckuqesbpcqfiqtgevfoitxrmvdug' , TIMESTAMP '2012-08-05 11:55:50');
INSERT INTO Messages VALUES(217, 17, 22, 'istcvgsnjokcahkqtumeu' , 'virhwlxdtjxnrpgsmnhhvidddlbxrjaufka' , TIMESTAMP '2014-03-08 19:37:13');
INSERT INTO Messages VALUES(218, 23, 2, 'cvclosqsrvwk' , 'fiaplfexipakmxrijuaqwismqxlksnchfdoccowtmenwet' , TIMESTAMP '2013-05-03 14:18:54');
INSERT INTO Messages VALUES(219, 43, 6, 'dqgwvuqjtf' , 'gjegsangaukhqhnb' , TIMESTAMP '2012-01-08 16:19:31');
INSERT INTO Messages VALUES(220, 28, 63, 'pjufregtlbqqfptigouigxcrmoeuf' , 'cpkgoguugmhtkiikeveershcsqgbhsjwrorwcbblmk' , TIMESTAMP '2015-06-03 16:14:50');
INSERT INTO Messages VALUES(221, 64, 11, 'rinorfdjtfagmmhteevucovtgirlxb' , 'ikitvllgrlltmpmsdastdugqsjbhabqtvpfofeovgvoakncealopuqoixpbabjxrtutrrpdkm' , TIMESTAMP '2012-03-03 17:15:47');
INSERT INTO Messages VALUES(222, 88, 10, 'geajqpmvbjst' , 'unoqnrflxfqwdfcbdcfdgqufvfjumjhcvwjiof' , TIMESTAMP '2013-02-06 19:28:35');
INSERT INTO Messages VALUES(223, 79, 28, 'rphdggsexerahsaobesfhidedjjjj' , 'fvncirbuapphcgnirtwberuwgoufpjshidtpursobdcronsqhxoddsclhcjsdteicbplx' , TIMESTAMP '2013-06-01 17:38:24');
INSERT INTO Messages VALUES(224, 26, 44, 'nnugndeucjfqmbjmq' , 'teqfrwkpoqclxsva' , TIMESTAMP '2014-01-05 10:42:52');
INSERT INTO Messages VALUES(225, 23, 88, 'pvjfdbeiusjscdndrtdnkmm' , 'rwiuakpqptpdogkfksdupcej' , TIMESTAMP '2013-08-07 16:39:10');
INSERT INTO Messages VALUES(226, 53, 8, 'dlpaxrrxgcfbqxwrtqnrjwkmge' , 'unuwfwwrbnsqfkhuajmutgdiupokfnbcjhxvpfbrphjqjqewfkwaep' , TIMESTAMP '2015-01-02 20:25:44');
INSERT INTO Messages VALUES(227, 2, 4, 'pmkmjfamgpqfptaimicxill' , 'lefbsqqtrhixasaodlmtl' , TIMESTAMP '2012-05-03 15:51:59');
INSERT INTO Messages VALUES(228, 91, 84, 'uivniofdwltp' , 'agukrfjgrsocsgqksbejjgqnxbvs' , TIMESTAMP '2016-01-04 19:18:37');
INSERT INTO Messages VALUES(229, 72, 34, 'ddfvbljxbxpechb' , 'kgiacuscdjebjlkgnulgrmlevoqrgjnlwvehhawfanhxch' , TIMESTAMP '2013-03-03 13:15:53');
INSERT INTO Messages VALUES(230, 96, 18, 'gtxvfeaprqbkwbdjoat' , 'hwkluhwikenbrlrlkehlhkcenfvthqvqnmmlrisbslgsbalxrnfvmidbqvwxaah' , TIMESTAMP '2015-02-02 23:54:27');
INSERT INTO Messages VALUES(231, 19, 98, 'ccouipggkhidmpvranbnfhdqtrnj' , 'vpwfesmwtmwhrhbdungqenrbhthfdhellmsxqlowrtusohccfnkshxbcfxvfuluaxlxfmdve' , TIMESTAMP '2012-04-06 11:12:41');
INSERT INTO Messages VALUES(232, 45, 29, 'sblcstdeqqnwvdoxktjpxmhc' , 'fklfvlkiklmoxhftsunchsmwuotwdprlvrowjaacbeprntxlgfkbjbxpvudxt' , TIMESTAMP '2014-03-08 18:28:38');
INSERT INTO Messages VALUES(233, 3, 33, 'ebkbjwvnlbucutflbsstos' , 'suiplntsfixamahqlpwdjplevrgcopdqulcffdjpneptv' , TIMESTAMP '2012-07-08 16:20:25');
INSERT INTO Messages VALUES(234, 90, 35, 'qacwqcnslenvdehbmid' , 'wqwkqrdbadrbxi' , TIMESTAMP '2013-06-04 21:18:26');
INSERT INTO Messages VALUES(235, 21, 57, 'udxbnlrlfbeegrupuxpauka' , 'abltijivfifewrlqomdgnrjpkbwmkrmecmlerersbfv' , TIMESTAMP '2015-07-07 22:59:13');
INSERT INTO Messages VALUES(236, 34, 1, 'nxggpkshclt' , 'abujhmqvavmbhisiipdnkahtdhuwagbwhawdtfcetpicaeqjqefhmcqfcaida' , TIMESTAMP '2015-04-09 23:53:20');
INSERT INTO Messages VALUES(237, 94, 72, 'tlbqddtdulcacvrcbisqj' , 'vvtjeqsetvfenprojittlokdpmlbjkotqkomqroppnhkhrgfkcknufdksqobikv' , TIMESTAMP '2013-03-03 23:16:57');
INSERT INTO Messages VALUES(238, 43, 62, 'cejnspllgwgrjbnft' , 'mnksesxhrlutkoqjnrpbmpqkaweqamqbwkhrgbavubhmjbkckicwnsmdqgdeqmebk' , TIMESTAMP '2015-03-01 15:13:51');
INSERT INTO Messages VALUES(239, 85, 16, 'uogfstgjubanfkgtraqdkg' , 'kvmxxrndligknnwhpvmwqtccgeeeirfoocowgxtwesvinanoipdparegshrnijspqbocnxfda' , TIMESTAMP '2012-08-05 12:54:31');
INSERT INTO Messages VALUES(240, 47, 39, 'xdndnshlvxhkmmwqaioq' , 'bdushflrlselcanfdieciwjkmnxkkpgtncopbhrnnenguquipgciqttmfkhoqhunhbnomiuitvbetrol' , TIMESTAMP '2015-09-01 18:14:40');
INSERT INTO Messages VALUES(241, 76, 81, 'fqvkfrdcilefq' , 'alvkewfjecudmwaiehucotplnkatmbb' , TIMESTAMP '2016-02-01 16:48:32');
INSERT INTO Messages VALUES(242, 58, 60, 'xpcqddrborkhwvpsw' , 'qrbsaxslksgfcckpidojphdpllicruinjgqrgrmooirwupfxlatgvscksxnue' , TIMESTAMP '2016-06-03 12:16:50');
INSERT INTO Messages VALUES(243, 21, 35, 'pqqbfcqguounfrxqhrpqnneslilfff' , 'aeonqwpsxrvlamfahjhpgdqbbaxkdtxksbtlvfrpwsvqsfode' , TIMESTAMP '2016-01-03 23:38:58');
INSERT INTO Messages VALUES(244, 13, 74, 'drvabeaeacwcvneaaefxlewa' , 'rjdbsqphcauxcatwtmxxsc' , TIMESTAMP '2016-01-09 22:44:49');
INSERT INTO Messages VALUES(245, 47, 79, 'wcevkmjvkaoqqkgsnndbxbfios' , 'cjqpbgxwkwlbhojdjkebpudmxcugaox' , TIMESTAMP '2012-06-09 13:22:49');
INSERT INTO Messages VALUES(246, 92, 72, 'apdskpxeecocllmwoptkgdogwalun' , 'xuowubbgwpchtpwbiagpamvkhmmqvrevpqlepjhclniptrtkmdipkpfqchlwfv' , TIMESTAMP '2012-05-05 22:56:32');
INSERT INTO Messages VALUES(247, 15, 14, 'ljcpkfdqlcpulkcarlruf' , 'hohdrkmdlqckuknhextbxrkxjqreajdokwabdlffqkursmhssvoeltitgsooogcb' , TIMESTAMP '2014-06-04 20:16:51');
INSERT INTO Messages VALUES(248, 51, 99, 'vtjcudavjxbedbumtwwbonxlwvieep' , 'cqvdxjfdtixudwhxqvgeweesxvsdmqpvhkjviropsggibvoutielixk' , TIMESTAMP '2013-02-06 12:38:15');
INSERT INTO Messages VALUES(249, 85, 33, 'xvtaqqgaak' , 'umnxbalrdtmshshgxartadmkekhhhsgtiaodgrhjenw' , TIMESTAMP '2012-06-07 11:48:21');
INSERT INTO Messages VALUES(250, 92, 48, 'scuhuammiwkiewfogvxgqmnwpun' , 'sfanpupnrhjtgokavaqeuhxwabmowmpawfbphendnidihlpnvjrghdngrkkvtc' , TIMESTAMP '2015-04-04 22:21:58');
INSERT INTO Messages VALUES(251, 13, 99, 'eowxapvkcflhllnnak' , 'jrsuxrjpvitoutgfmviatxplkuftnxhrevihcholjijr' , TIMESTAMP '2016-06-05 16:34:25');
INSERT INTO Messages VALUES(252, 24, 28, 'eefvulsfkddebvafakptwp' , 'glqitwgmladstubqtsksqxteelsbngwstxfgtlasrploccbexbnwnadcckuesg' , TIMESTAMP '2014-06-02 19:19:35');
INSERT INTO Messages VALUES(253, 90, 57, 'purfwahceuoqbxkhksom' , 'itcgcqrtgajstjdkuiugwbpoqugawmvmksdfagnsufbfkwmljgrcvdojxomaljtbpqholnesrdbuluendoslkar' , TIMESTAMP '2013-03-08 17:30:29');
INSERT INTO Messages VALUES(254, 11, 53, 'ttpqiqndxolsqpegmfvmddaqokqa' , 'nhkgcmdeoivldxugquovwefisncmlqxwcbqvbphucpmvntfbfiilp' , TIMESTAMP '2013-09-03 10:40:19');
INSERT INTO Messages VALUES(255, 92, 84, 'sljkedokva' , 'spxlbganotplgdl' , TIMESTAMP '2014-07-09 13:21:31');
INSERT INTO Messages VALUES(256, 68, 17, 'oemfddqfhnelqhxwsh' , 'givfermeqxfoojbgxjbcppejqlmsdsnhgaliwehmkjvsbafgctfaonxgmfujrbvnbobbxoapmlsoipfkkosf' , TIMESTAMP '2015-06-04 17:32:16');
INSERT INTO Messages VALUES(257, 67, 31, 'raehlersdal' , 'aunsuongvxjhlrping' , TIMESTAMP '2015-07-06 11:19:44');
INSERT INTO Messages VALUES(258, 63, 72, 'nllmtbvvhefodqumlpwsgesilwj' , 'kavnrnimhbvuicocon' , TIMESTAMP '2016-03-01 19:37:56');
INSERT INTO Messages VALUES(259, 30, 75, 'arlraqosdrvuqhauwtwxts' , 'qfagsmkvxljntbdrtatgpkqcpslprwthaplnissowxdkvlltdehrs' , TIMESTAMP '2016-09-07 18:17:57');
INSERT INTO Messages VALUES(260, 19, 46, 'tbrspqolupir' , 'biugwcsaiqtdjkkosopdgiriwwbtndkatoeipoppw' , TIMESTAMP '2013-07-02 17:25:51');
INSERT INTO Messages VALUES(261, 34, 78, 'enonmfuhiwdpqapfee' , 'lmhjrbuhwlfvtabcjwbntnnmwumqeo' , TIMESTAMP '2016-01-06 22:39:10');
INSERT INTO Messages VALUES(262, 41, 95, 'hqjkcnonrdxwpqotsxsvfs' , 'bmkegkewcxhcmfnin' , TIMESTAMP '2013-06-03 16:47:17');
INSERT INTO Messages VALUES(263, 69, 47, 'psmnngkuagpivcsueiiwlowmilj' , 'njbogcmbghxtphpdbknkcdhtltmjdpa' , TIMESTAMP '2014-01-08 17:59:39');
INSERT INTO Messages VALUES(264, 87, 60, 'nntovfjuwtgqpoju' , 'fahdxpvvocuqkjjokhbugxeiqedbasscpwjkdxmtaakeaudgkmthwxdxippnlmrempeppffwiwevirappw' , TIMESTAMP '2012-06-04 13:46:24');
INSERT INTO Messages VALUES(265, 95, 48, 'qbfstwvibmmlrpmvvm' , 'ipqfncccfdghsgptbfbxxlafvhiwjmsusfpgawmsfvcemqbfnijpksfubpmxnbncdggopjjrjdmsaru' , TIMESTAMP '2012-01-05 12:48:59');
INSERT INTO Messages VALUES(266, 53, 60, 'dicnqtdpmd' , 'hhwvuiamjosijwpxhhdvmrqufupebvhnelfrdajpflacbctakeewufibjtnpffbmclmqjqmogeli' , TIMESTAMP '2016-04-09 18:49:53');
INSERT INTO Messages VALUES(267, 95, 9, 'tevpjjhwtknbgqskugjmwplw' , 'fvsegdlwbfuqxngcerkhmdeokkivengbkebfvlwevequlqa' , TIMESTAMP '2016-01-03 21:37:41');
INSERT INTO Messages VALUES(268, 16, 81, 'nuerxlbjtskxjpceqflkgqvsl' , 'pxtwxagupmwahvmxagibmrdjijcdkgcnnpsows' , TIMESTAMP '2015-03-01 23:50:28');
INSERT INTO Messages VALUES(269, 40, 52, 'uhuivikgxc' , 'emwrbdlavpikxsaitooiqbxbispcqedghwonuexcagp' , TIMESTAMP '2014-09-07 19:11:59');
INSERT INTO Messages VALUES(270, 22, 3, 'tiufhhnvdwfrvjk' , 'exdbwdvbwauhrfiugijmpxapjjdnutngpxiolxxqcxvkeqmoortixipdqpuxaranrduttpaskmk' , TIMESTAMP '2016-04-07 20:24:36');
INSERT INTO Messages VALUES(271, 80, 6, 'rvngdsdnhalxptkarsmtkxllnb' , 'wcxaguabgllggqitdhkjookcxmbdovbgvsbevndkmkldiaollxftdueamalwuxjkseqgm' , TIMESTAMP '2014-06-08 17:36:34');
INSERT INTO Messages VALUES(272, 16, 97, 'stgejpesvjscioumadrawlqwlevtgi' , 'omatbesgtwtrcxxnwtnxqaicjlqapcivcvqqvcsoat' , TIMESTAMP '2015-09-03 21:39:19');
INSERT INTO Messages VALUES(273, 21, 37, 'roumrktrfpoofsiimekq' , 'arqpgonejwepdsdetrfbarasnuxdbxxgswrunlt' , TIMESTAMP '2015-02-02 16:24:27');
INSERT INTO Messages VALUES(274, 41, 29, 'gpqckqgmikvdmj' , 'lmbfhsqnmigmvvdgdwdfjiavsjmgxgitrpwxxpahnqecrlvndfouinntdjbsjqcxhdmvsfxslsgoftcpmxdbmvtt' , TIMESTAMP '2013-05-04 10:21:40');
INSERT INTO Messages VALUES(275, 59, 69, 'gterbrcbtlnkigeaprbvntwcwnnx' , 'wlwqvawsbwlmnelcpgefhkijnrkolxlbrsvh' , TIMESTAMP '2015-07-08 11:26:57');
INSERT INTO Messages VALUES(276, 58, 18, 'ldggpbhelsgwlbeapcnivwpjva' , 'hvxbjnrwaviwkktjthefcqbulkjwwpootvrkxoonicfpcicelekbrsscojvrnsckmpicfrhvdsvonsrbcmpvka' , TIMESTAMP '2014-07-03 23:23:54');
INSERT INTO Messages VALUES(277, 6, 41, 'wijsxtadtjdpctvnnfi' , 'jprhuqgftfhdfkhaqhvswuthdxcmwsirccqfx' , TIMESTAMP '2012-06-05 12:59:27');
INSERT INTO Messages VALUES(278, 58, 34, 'pnscqpvkbfeujdw' , 'siwadlmrkdxahdudtbithcjlbtlhkgpxthgovkllhmodccujrbuuelndeddhjfivovppwstvqhwngw' , TIMESTAMP '2013-07-07 22:30:10');
INSERT INTO Messages VALUES(279, 42, 1, 'nonallvlrmevlwrmcqucxlhcqep' , 'aqqwqdqgtujuibsvqsxlpvegawrejaxwgmrabewmpncvnxedrlspgqbuprjqmwv' , TIMESTAMP '2015-09-07 13:35:15');
INSERT INTO Messages VALUES(280, 61, 32, 'idbgdhkktpdinisoseruvgci' , 'dfpeumgtauorgagailkcmcstuufxnxmempllunkrflcuwicmlebi' , TIMESTAMP '2014-01-02 16:41:22');
INSERT INTO Messages VALUES(281, 11, 39, 'bijeopaqiowbmbtvkfdr' , 'ovdacxfewhxntmhkuexggptcuqvcglxuoc' , TIMESTAMP '2013-08-01 10:40:53');
INSERT INTO Messages VALUES(282, 89, 64, 'htenfdxofemaabsnurjifmaro' , 'upedwfsrqlobunqriisdkqbpdipadjjnstuxgrxbgoftkwjcuawchpllcqpbjfgnraaroekrlmufexgdddpb' , TIMESTAMP '2016-09-04 19:32:55');
INSERT INTO Messages VALUES(283, 42, 78, 'qanctojaxecbp' , 'iscikgcndjckvbtuffditwlknctoxxmpimrfedtjctiershguqtd' , TIMESTAMP '2015-04-07 14:10:18');
INSERT INTO Messages VALUES(284, 91, 5, 'vhcrpooqvkhjcukekwnqvudremthmw' , 'tgpavrqsindfhvnsjapwqlxvqhtpccn' , TIMESTAMP '2015-07-03 10:25:35');
INSERT INTO Messages VALUES(285, 36, 96, 'bsrdtihufbndpjjvjsdodmien' , 'afcgloxakkkvslvtdxkkxcjrgueogxtbqqdnfpknamoiuqtiwfduwtxhhjevgu' , TIMESTAMP '2015-09-08 13:55:48');
INSERT INTO Messages VALUES(286, 76, 20, 'nhdkdacucawucmacbpxaufloalc' , 'xwvpoonjcxpdsfxfabqnsmranomvbmqxxmow' , TIMESTAMP '2013-05-03 12:38:53');
INSERT INTO Messages VALUES(287, 23, 79, 'kddncmelgtmmawe' , 'buotlcljaujjjjsjdthvdklacfftmmggdeajiqxnjqbtojiqorrvw' , TIMESTAMP '2013-09-09 13:20:26');
INSERT INTO Messages VALUES(288, 11, 52, 'pqmkpsdpeprrvbdmrppuiqxmmpt' , 'ltwgeghxenrgmgjojnvqpkeutufwtjxpuvsubhrekmvkilpslhrrxdjwrhdurjcjwhlbajhlwetvuqfmrsudtguup' , TIMESTAMP '2016-03-03 15:20:14');
INSERT INTO Messages VALUES(289, 32, 45, 'bogukdiomnkpvntcsipamrj' , 'mxounlsnhqeeuputtnvrsegprtckkcpvuhmcgwluqjwuotopgkoaarwpf' , TIMESTAMP '2014-02-03 16:18:39');
INSERT INTO Messages VALUES(290, 15, 79, 'hkstbjmxikoxeipxqtrhocqpwuumnc' , 'pwdthpdqnlgcophagdnhgqmkqqrvcgh' , TIMESTAMP '2015-08-02 11:20:35');
INSERT INTO Messages VALUES(291, 65, 91, 'jgueuvbvxujhapb' , 'xmnsexvxtktjncdfgexqpogjadbnmosfiijbreeibpjxo' , TIMESTAMP '2012-04-02 22:59:46');
INSERT INTO Messages VALUES(292, 35, 72, 'hrwdnggxqgjedc' , 'vdckvjpldvqplmpffjwsnkmlwjwtdtthegjhr' , TIMESTAMP '2013-07-03 18:26:40');
INSERT INTO Messages VALUES(293, 23, 26, 'cpfesjbqbsndksgbwnllskafx' , 'uhxnlgtvgoslnxtporluhgkfacadmrfvgngnbsudhboqlfwrsvbgdoiwqv' , TIMESTAMP '2012-07-06 18:35:27');
INSERT INTO Messages VALUES(294, 15, 99, 'lvqnoitmowwfddjmvxmgwvtim' , 'hbsngfgjvhnpmltwpfhffjkusiqrpdxdbavwxgodnocdnqfjfx' , TIMESTAMP '2012-07-08 12:18:13');
INSERT INTO Messages VALUES(295, 39, 21, 'opcctjxklugpm' , 'iqdqbcdoelxldjs' , TIMESTAMP '2014-01-01 23:20:33');
INSERT INTO Messages VALUES(296, 51, 45, 'oxedjaatqiwspwoogtpqsfdp' , 'dbfbcwtnvcantlgjdancctjgndhgcffvaxhpiknldbspskxxfxgbdjliat' , TIMESTAMP '2014-02-04 15:13:46');
INSERT INTO Messages VALUES(297, 13, 89, 'mipfmgmlrrrfukagnvpxacmkr' , 'coxrmhuwwgfvdmemapdlpwtbixsfldtkrcxnaakgmljrsipaqrgxbwclenrquppftagghsdgoxu' , TIMESTAMP '2013-09-06 13:54:13');
INSERT INTO Messages VALUES(298, 22, 28, 'iwowejgesbxtfihgrtjjpkt' , 'vlqtiropjsokbpmgsecpupfqjfdxoqidonmw' , TIMESTAMP '2016-02-01 13:43:45');
INSERT INTO Messages VALUES(299, 48, 58, 'fgknutkrucwwrvibdujwisiojuh' , 'oqtsgsoqibcrhidlfikbpckmbdbsobfvvsahtljrswattvwfnkhujrnrrfclvxjnkgksqqie' , TIMESTAMP '2015-05-02 13:34:11');
INSERT INTO Messages VALUES(300, 28, 60, 'dpnmwkweaemdrr' , 'aggakaeqvignfcpgxtvpqbtlmvsnapwtmphaqtguhcilrlxxkttcijxmkqavdbrpwb' , TIMESTAMP '2016-07-08 16:13:16');
